File,Start_Time,End_Time,Number_of_Observations,Duration_Minutes
train/set-a/132539.txt,7,2857,49,2850
train/set-a/132541.txt,2,2837,68,2835
train/set-a/132543.txt,11,2856,64,2845
train/set-a/132547.txt,218,2873,61,2655
train/set-a/132548.txt,0,2829,63,2829
train/set-a/132554.txt,237,2847,48,2610
train/set-a/132555.txt,20,2877,76,2857
train/set-a/132556.txt,63,2868,71,2805
train/set-a/132567.txt,1,2830,74,2829
train/set-a/132570.txt,250,2830,44,2580
train/set-a/132573.txt,1,2821,57,2820
train/set-a/132575.txt,2,2843,95,2841
train/set-a/132577.txt,36,2880,61,2844
train/set-a/132584.txt,14,2847,92,2833
train/set-a/132585.txt,108,2859,74,2751
train/set-a/132588.txt,69,2859,44,2790
train/set-a/132591.txt,21,2871,59,2850
train/set-a/132595.txt,89,2087,10,1998
train/set-a/132597.txt,63,2763,55,2700
train/set-a/132598.txt,34,2869,95,2835
train/set-a/132599.txt,22,2872,71,2850
train/set-a/132601.txt,15,2846,86,2831
train/set-a/132602.txt,39,2874,57,2835
train/set-a/132605.txt,22,2869,66,2847
train/set-a/132610.txt,36,2856,44,2820
train/set-a/132612.txt,31,2866,75,2835
train/set-a/132614.txt,77,2837,43,2760
train/set-a/132615.txt,3,2868,88,2865
train/set-a/132617.txt,1,2576,55,2575
train/set-a/132618.txt,6,2866,64,2860
train/set-a/132622.txt,74,2834,55,2760
train/set-a/132623.txt,50,2765,58,2715
train/set-a/132632.txt,54,2874,72,2820
train/set-a/132634.txt,19,2869,50,2850
train/set-a/132639.txt,10,2864,99,2854
train/set-a/132644.txt,125,2868,43,2743
train/set-a/132647.txt,198,2863,9,2665
train/set-a/132648.txt,17,2837,75,2820
train/set-a/132650.txt,23,2843,70,2820
train/set-a/132653.txt,10,2844,106,2834
train/set-a/132658.txt,25,2830,110,2805
train/set-a/132659.txt,42,2878,140,2836
train/set-a/132663.txt,2,2822,61,2820
train/set-a/132664.txt,9,2859,53,2850
train/set-a/132666.txt,7,2666,51,2659
train/set-a/132671.txt,13,2858,61,2845
train/set-a/132680.txt,72,2847,64,2775
train/set-a/132682.txt,48,2763,75,2715
train/set-a/132683.txt,30,2865,84,2835
train/set-a/132685.txt,72,2862,58,2790
train/set-a/132686.txt,29,2879,59,2850
train/set-a/132688.txt,22,2847,99,2825
train/set-a/132694.txt,53,2843,56,2790
train/set-a/132695.txt,39,2829,81,2790
train/set-a/132700.txt,81,2832,67,2751
train/set-a/132703.txt,8,2798,53,2790
train/set-a/132704.txt,42,2877,85,2835
train/set-a/132705.txt,4,2869,101,2865
train/set-a/132708.txt,19,2844,93,2825
train/set-a/132710.txt,50,2825,49,2775
train/set-a/132717.txt,100,2860,54,2760
train/set-a/132721.txt,48,2877,97,2829
train/set-a/132722.txt,18,2823,74,2805
train/set-a/132726.txt,94,2874,75,2780
train/set-a/132729.txt,21,2841,74,2820
train/set-a/132732.txt,37,2752,39,2715
train/set-a/132737.txt,16,2851,100,2835
train/set-a/132744.txt,4,2879,59,2875
train/set-a/132745.txt,171,2841,78,2670
train/set-a/132747.txt,60,2850,56,2790
train/set-a/132758.txt,16,2866,84,2850
train/set-a/132765.txt,13,2833,129,2820
train/set-a/132767.txt,56,2846,75,2790
train/set-a/132769.txt,56,2861,56,2805
train/set-a/132772.txt,51,2856,58,2805
train/set-a/132773.txt,60,2760,54,2700
train/set-a/132774.txt,54,2814,59,2760
train/set-a/132776.txt,25,2875,73,2850
train/set-a/132777.txt,6,2856,59,2850
train/set-a/132780.txt,0,2880,51,2880
train/set-a/132781.txt,12,2861,83,2849
train/set-a/132783.txt,16,2866,77,2850
train/set-a/132786.txt,10,1822,15,1812
train/set-a/132790.txt,13,2823,80,2810
train/set-a/132791.txt,54,2874,54,2820
train/set-a/132798.txt,34,2837,79,2803
train/set-a/132799.txt,14,2864,61,2850
train/set-a/132801.txt,1,2851,82,2850
train/set-a/132805.txt,114,2829,60,2715
train/set-a/132810.txt,73,2824,89,2751
train/set-a/132811.txt,19,2845,59,2826
train/set-a/132812.txt,189,2829,45,2640
train/set-a/132814.txt,28,2878,62,2850
train/set-a/132819.txt,0,2860,71,2860
train/set-a/132821.txt,14,2834,120,2820
train/set-a/132826.txt,4,2829,61,2825
train/set-a/132827.txt,68,2873,64,2805
train/set-a/132832.txt,3,2880,101,2877
train/set-a/132835.txt,56,2880,56,2824
train/set-a/132836.txt,10,2850,81,2840
train/set-a/132837.txt,1,2874,142,2873
train/set-a/132838.txt,45,2876,75,2831
train/set-a/132844.txt,99,2829,56,2730
train/set-a/132845.txt,67,2856,65,2789
train/set-a/132848.txt,105,2865,60,2760
train/set-a/132850.txt,12,2855,86,2843
train/set-a/132851.txt,79,2839,82,2760
train/set-a/132852.txt,53,2867,114,2814
train/set-a/132855.txt,32,2827,98,2795
train/set-a/132859.txt,58,2878,67,2820
train/set-a/132860.txt,77,2837,85,2760
train/set-a/132864.txt,11,2831,66,2820
train/set-a/132865.txt,3,2862,72,2859
train/set-a/132866.txt,164,2864,54,2700
train/set-a/132877.txt,0,2850,55,2850
train/set-a/132878.txt,73,2863,60,2790
train/set-a/132881.txt,49,2869,95,2820
train/set-a/132884.txt,4,2826,69,2822
train/set-a/132892.txt,5,2835,56,2830
train/set-a/132894.txt,116,2846,51,2730
train/set-a/132898.txt,230,2850,97,2620
train/set-a/132902.txt,35,2875,55,2840
train/set-a/132903.txt,121,2836,57,2715
train/set-a/132906.txt,63,2823,54,2760
train/set-a/132907.txt,39,2843,63,2804
train/set-a/132911.txt,44,2834,113,2790
train/set-a/132915.txt,115,2845,54,2730
train/set-a/132917.txt,0,2855,91,2855
train/set-a/132919.txt,16,2836,55,2820
train/set-a/132922.txt,20,2845,76,2825
train/set-a/132923.txt,80,2840,52,2760
train/set-a/132933.txt,26,2841,72,2815
train/set-a/132934.txt,30,2850,93,2820
train/set-a/132939.txt,78,2880,67,2802
train/set-a/132946.txt,87,2847,109,2760
train/set-a/132958.txt,58,2878,52,2820
train/set-a/132959.txt,11,2846,112,2835
train/set-a/132962.txt,12,2862,71,2850
train/set-a/132963.txt,6,2866,100,2860
train/set-a/132965.txt,142,2824,98,2682
train/set-a/132969.txt,180,2850,42,2670
train/set-a/132988.txt,27,1374,5,1347
train/set-a/132992.txt,183,2838,52,2655
train/set-a/132995.txt,97,2874,55,2777
train/set-a/132996.txt,34,2872,69,2838
train/set-a/133001.txt,21,2876,79,2855
train/set-a/133009.txt,149,2841,81,2692
train/set-a/133016.txt,56,2831,64,2775
train/set-a/133017.txt,5,2877,89,2872
train/set-a/133021.txt,13,2848,113,2835
train/set-a/133022.txt,15,2835,92,2820
train/set-a/133023.txt,20,2853,68,2833
train/set-a/133024.txt,35,2855,76,2820
train/set-a/133025.txt,1,2821,76,2820
train/set-a/133026.txt,70,2842,69,2772
train/set-a/133027.txt,23,2823,74,2800
train/set-a/133031.txt,1,2861,106,2860
train/set-a/133035.txt,8,2873,85,2865
train/set-a/133038.txt,273,2868,48,2595
train/set-a/133039.txt,261,2861,4,2600
train/set-a/133040.txt,5,2855,152,2850
train/set-a/133059.txt,56,1936,13,1880
train/set-a/133061.txt,130,2831,73,2701
train/set-a/133062.txt,59,2844,59,2785
train/set-a/133064.txt,17,2777,46,2760
train/set-a/133079.txt,28,2548,63,2520
train/set-a/133080.txt,33,2853,73,2820
train/set-a/133086.txt,15,2874,82,2859
train/set-a/133091.txt,18,2868,50,2850
train/set-a/133092.txt,14,2864,56,2850
train/set-a/133098.txt,3,2845,95,2842
train/set-a/133104.txt,104,2878,96,2774
train/set-a/133106.txt,3,2823,60,2820
train/set-a/133117.txt,51,2826,82,2775
train/set-a/133120.txt,16,2841,56,2825
train/set-a/133125.txt,31,2851,62,2820
train/set-a/133126.txt,9,2769,62,2760
train/set-a/133127.txt,9,2852,73,2843
train/set-a/133131.txt,17,2875,116,2858
train/set-a/133134.txt,17,2837,57,2820
train/set-a/133140.txt,2,2822,51,2820
train/set-a/133146.txt,1,2846,57,2845
train/set-a/133147.txt,0,2850,66,2850
train/set-a/133153.txt,2,2855,70,2853
train/set-a/133154.txt,88,2880,92,2792
train/set-a/133157.txt,67,2872,53,2805
train/set-a/133164.txt,19,2839,58,2820
train/set-a/133172.txt,8,2856,87,2848
train/set-a/133177.txt,136,2846,56,2710
train/set-a/133180.txt,31,2851,61,2820
train/set-a/133183.txt,52,2872,58,2820
train/set-a/133185.txt,37,2857,72,2820
train/set-a/133188.txt,90,2872,77,2782
train/set-a/133189.txt,0,2880,82,2880
train/set-a/133190.txt,102,2862,90,2760
train/set-a/133196.txt,2,2822,48,2820
train/set-a/133197.txt,0,2850,87,2850
train/set-a/133204.txt,25,2862,59,2837
train/set-a/133206.txt,82,2872,119,2790
train/set-a/133207.txt,26,2851,97,2825
train/set-a/133210.txt,21,2856,80,2835
train/set-a/133213.txt,42,2771,23,2729
train/set-a/133215.txt,10,2871,76,2861
train/set-a/133219.txt,15,2880,64,2865
train/set-a/133220.txt,25,2875,65,2850
train/set-a/133222.txt,1,2832,69,2831
train/set-a/133223.txt,49,2874,54,2825
train/set-a/133225.txt,6,2866,84,2860
train/set-a/133226.txt,0,2865,93,2865
train/set-a/133227.txt,36,2858,119,2822
train/set-a/133228.txt,5,2870,56,2865
train/set-a/133232.txt,152,2858,92,2706
train/set-a/133236.txt,11,2855,74,2844
train/set-a/133243.txt,52,2822,63,2770
train/set-a/133245.txt,21,2871,60,2850
train/set-a/133246.txt,180,2850,61,2670
train/set-a/133247.txt,29,2789,61,2760
train/set-a/133248.txt,239,2847,73,2608
train/set-a/133257.txt,7,2827,73,2820
train/set-a/133259.txt,89,2857,116,2768
train/set-a/133261.txt,74,2849,61,2775
train/set-a/133262.txt,0,2865,97,2865
train/set-a/133267.txt,15,2847,83,2832
train/set-a/133268.txt,125,2840,47,2715
train/set-a/133269.txt,62,2876,80,2814
train/set-a/133271.txt,18,2827,81,2809
train/set-a/133273.txt,17,2837,64,2820
train/set-a/133274.txt,8,2849,72,2841
train/set-a/133275.txt,13,2835,69,2822
train/set-a/133277.txt,6,2796,66,2790
train/set-a/133278.txt,11,2867,76,2856
train/set-a/133280.txt,1,2871,57,2870
train/set-a/133282.txt,15,2844,120,2829
train/set-a/133284.txt,63,2835,94,2772
train/set-a/133286.txt,11,2848,55,2837
train/set-a/133287.txt,20,2860,98,2840
train/set-a/133289.txt,133,2863,53,2730
train/set-a/133291.txt,48,2868,71,2820
train/set-a/133295.txt,26,2676,63,2650
train/set-a/133297.txt,217,2293,8,2076
train/set-a/133300.txt,19,2863,68,2844
train/set-a/133302.txt,12,2877,51,2865
train/set-a/133303.txt,189,2847,68,2658
train/set-a/133304.txt,142,2842,55,2700
train/set-a/133308.txt,8,2867,156,2859
train/set-a/133318.txt,22,2872,79,2850
train/set-a/133320.txt,18,2861,51,2843
train/set-a/133322.txt,3,2823,57,2820
train/set-a/133325.txt,3,2878,136,2875
train/set-a/133326.txt,85,2875,63,2790
train/set-a/133327.txt,20,2825,40,2805
train/set-a/133328.txt,98,2851,74,2753
train/set-a/133333.txt,42,2863,95,2821
train/set-a/133335.txt,20,2843,79,2823
train/set-a/133336.txt,2,2879,92,2877
train/set-a/133341.txt,1,2863,84,2862
train/set-a/133343.txt,3,2863,101,2860
train/set-a/133347.txt,2,2837,60,2835
train/set-a/133357.txt,2,2852,78,2850
train/set-a/133359.txt,37,2831,74,2794
train/set-a/133361.txt,15,2835,64,2820
train/set-a/133367.txt,208,2848,50,2640
train/set-a/133368.txt,15,2842,124,2827
train/set-a/133370.txt,215,2855,72,2640
train/set-a/133372.txt,58,2878,64,2820
train/set-a/133375.txt,21,2852,105,2831
train/set-a/133377.txt,71,2861,77,2790
train/set-a/133380.txt,10,2833,118,2823
train/set-a/133381.txt,69,2582,41,2513
train/set-a/133384.txt,25,2845,71,2820
train/set-a/133388.txt,13,2870,67,2857
train/set-a/133390.txt,4,2844,48,2840
train/set-a/133396.txt,67,2827,71,2760
train/set-a/133397.txt,318,2838,38,2520
train/set-a/133399.txt,44,2864,87,2820
train/set-a/133401.txt,25,2859,76,2834
train/set-a/133403.txt,16,2844,112,2828
train/set-a/133404.txt,161,2860,101,2699
train/set-a/133405.txt,74,2869,57,2795
train/set-a/133406.txt,118,2758,34,2640
train/set-a/133413.txt,199,2829,52,2630
train/set-a/133418.txt,17,2870,128,2853
train/set-a/133419.txt,5,2854,112,2849
train/set-a/133420.txt,53,2846,71,2793
train/set-a/133426.txt,4,2824,101,2820
train/set-a/133427.txt,8,2828,55,2820
train/set-a/133428.txt,92,2872,65,2780
train/set-a/133430.txt,103,2863,69,2760
train/set-a/133431.txt,113,2823,66,2710
train/set-a/133432.txt,73,2863,67,2790
train/set-a/133433.txt,0,2865,95,2865
train/set-a/133434.txt,64,2839,66,2775
train/set-a/133436.txt,44,2874,97,2830
train/set-a/133444.txt,10,2860,87,2850
train/set-a/133454.txt,29,2849,83,2820
train/set-a/133457.txt,68,2879,108,2811
train/set-a/133458.txt,64,2824,64,2760
train/set-a/133473.txt,74,2834,49,2760
train/set-a/133476.txt,14,2879,66,2865
train/set-a/133478.txt,80,2840,60,2760
train/set-a/133481.txt,57,2877,69,2820
train/set-a/133483.txt,3,2875,68,2872
train/set-a/133485.txt,129,2844,91,2715
train/set-a/133487.txt,53,2873,48,2820
train/set-a/133488.txt,28,2848,53,2820
train/set-a/133489.txt,44,2863,141,2819
train/set-a/133492.txt,167,2852,59,2685
train/set-a/133493.txt,24,2874,64,2850
train/set-a/133494.txt,8,2878,83,2870
train/set-a/133495.txt,7,2827,49,2820
train/set-a/133497.txt,4,2871,79,2867
train/set-a/133499.txt,44,2866,78,2822
train/set-a/133507.txt,19,2839,77,2820
train/set-a/133510.txt,7,2847,91,2840
train/set-a/133512.txt,45,2865,75,2820
train/set-a/133513.txt,4,2870,121,2866
train/set-a/133514.txt,188,2828,56,2640
train/set-a/133522.txt,3,2853,117,2850
train/set-a/133525.txt,8,2828,69,2820
train/set-a/133528.txt,10,2830,42,2820
train/set-a/133534.txt,13,2833,51,2820
train/set-a/133537.txt,8,2835,76,2827
train/set-a/133539.txt,63,2832,107,2769
train/set-a/133540.txt,1,2838,54,2837
train/set-a/133544.txt,44,2864,51,2820
train/set-a/133546.txt,114,2823,56,2709
train/set-a/133551.txt,53,2858,61,2805
train/set-a/133552.txt,16,2868,83,2852
train/set-a/133560.txt,77,2852,64,2775
train/set-a/133561.txt,93,2853,53,2760
train/set-a/133563.txt,12,2877,108,2865
train/set-a/133564.txt,9,2829,90,2820
train/set-a/133565.txt,138,2838,84,2700
train/set-a/133570.txt,19,2841,69,2822
train/set-a/133574.txt,52,2872,114,2820
train/set-a/133578.txt,314,2758,7,2444
train/set-a/133579.txt,33,2823,65,2790
train/set-a/133585.txt,33,2853,70,2820
train/set-a/133587.txt,148,2878,58,2730
train/set-a/133588.txt,93,2823,105,2730
train/set-a/133589.txt,326,2846,53,2520
train/set-a/133592.txt,36,2826,55,2790
train/set-a/133593.txt,22,2845,80,2823
train/set-a/133599.txt,12,2817,105,2805
train/set-a/133600.txt,28,2802,68,2774
train/set-a/133605.txt,5,2855,59,2850
train/set-a/133607.txt,9,2862,145,2853
train/set-a/133608.txt,97,2857,84,2760
train/set-a/133609.txt,24,2844,45,2820
train/set-a/133619.txt,1,2866,101,2865
train/set-a/133620.txt,44,2879,67,2835
train/set-a/133622.txt,78,2879,72,2801
train/set-a/133626.txt,106,2862,43,2756
train/set-a/133628.txt,266,266,1,0
train/set-a/133633.txt,82,2842,47,2760
train/set-a/133634.txt,51,2856,68,2805
train/set-a/133635.txt,68,2798,50,2730
train/set-a/133640.txt,137,2837,78,2700
train/set-a/133643.txt,18,2838,55,2820
train/set-a/133649.txt,19,2880,75,2861
train/set-a/133651.txt,18,2743,49,2725
train/set-a/133653.txt,143,2873,59,2730
train/set-a/133654.txt,10,2828,61,2818
train/set-a/133657.txt,35,2855,61,2820
train/set-a/133659.txt,22,2812,62,2790
train/set-a/133663.txt,37,2827,54,2790
train/set-a/133671.txt,12,2872,50,2860
train/set-a/133672.txt,106,2866,76,2760
train/set-a/133675.txt,1,2821,63,2820
train/set-a/133682.txt,13,2848,52,2835
train/set-a/133683.txt,23,2858,50,2835
train/set-a/133688.txt,3,2833,76,2830
train/set-a/133691.txt,10,2880,96,2870
train/set-a/133693.txt,87,2877,49,2790
train/set-a/133706.txt,39,2853,76,2814
train/set-a/133714.txt,61,2851,52,2790
train/set-a/133715.txt,178,2858,83,2680
train/set-a/133718.txt,90,2850,114,2760
train/set-a/133720.txt,86,2846,46,2760
train/set-a/133724.txt,1,2846,132,2845
train/set-a/133728.txt,8,2873,52,2865
train/set-a/133734.txt,43,2878,70,2835
train/set-a/133740.txt,838,2113,2,1275
train/set-a/133743.txt,9,2854,64,2845
train/set-a/133746.txt,4,2869,63,2865
train/set-a/133748.txt,43,2863,75,2820
train/set-a/133751.txt,46,2874,81,2828
train/set-a/133763.txt,163,2878,51,2715
train/set-a/133764.txt,48,2868,53,2820
train/set-a/133765.txt,56,2880,116,2824
train/set-a/133767.txt,2,2822,48,2820
train/set-a/133771.txt,58,2833,58,2775
train/set-a/133780.txt,60,2871,183,2811
train/set-a/133784.txt,59,2879,76,2820
train/set-a/133786.txt,24,2784,39,2760
train/set-a/133789.txt,0,2880,70,2880
train/set-a/133790.txt,277,2857,48,2580
train/set-a/133792.txt,19,2833,55,2814
train/set-a/133793.txt,13,2863,116,2850
train/set-a/133800.txt,67,2857,57,2790
train/set-a/133803.txt,19,2854,75,2835
train/set-a/133811.txt,44,2868,103,2824
train/set-a/133812.txt,35,2865,97,2830
train/set-a/133814.txt,109,2824,74,2715
train/set-a/133815.txt,45,2880,92,2835
train/set-a/133816.txt,16,2866,79,2850
train/set-a/133834.txt,115,2875,55,2760
train/set-a/133835.txt,56,2876,94,2820
train/set-a/133841.txt,42,2877,67,2835
train/set-a/133843.txt,2,2837,62,2835
train/set-a/133845.txt,69,2787,77,2718
train/set-a/133846.txt,25,2848,61,2823
train/set-a/133851.txt,10,2860,70,2850
train/set-a/133852.txt,5,2825,56,2820
train/set-a/133858.txt,29,2861,77,2832
train/set-a/133859.txt,58,2878,52,2820
train/set-a/133862.txt,36,2873,76,2837
train/set-a/133863.txt,80,2855,63,2775
train/set-a/133865.txt,15,2835,46,2820
train/set-a/133866.txt,53,2873,86,2820
train/set-a/133868.txt,12,2877,117,2865
train/set-a/133874.txt,75,2835,49,2760
train/set-a/133875.txt,39,2829,87,2790
train/set-a/133877.txt,2,2867,66,2865
train/set-a/133881.txt,10,2800,58,2790
train/set-a/133884.txt,146,2869,99,2723
train/set-a/133888.txt,41,2863,87,2822
train/set-a/133890.txt,76,2867,76,2791
train/set-a/133895.txt,8,2849,88,2841
train/set-a/133896.txt,1,2821,91,2820
train/set-a/133901.txt,85,2875,61,2790
train/set-a/133905.txt,58,2878,56,2820
train/set-a/133906.txt,43,2863,52,2820
train/set-a/133912.txt,22,2857,58,2835
train/set-a/133913.txt,45,2844,59,2799
train/set-a/133919.txt,0,2857,91,2857
train/set-a/133923.txt,28,2775,86,2747
train/set-a/133924.txt,5,2828,56,2823
train/set-a/133925.txt,12,2832,91,2820
train/set-a/133930.txt,4,2869,66,2865
train/set-a/133932.txt,140,2840,57,2700
train/set-a/133938.txt,38,2858,67,2820
train/set-a/133941.txt,76,2746,56,2670
train/set-a/133947.txt,7,2785,50,2778
train/set-a/133948.txt,14,2864,65,2850
train/set-a/133949.txt,12,2877,59,2865
train/set-a/133956.txt,11,2840,74,2829
train/set-a/133959.txt,41,2824,149,2783
train/set-a/133963.txt,20,2870,54,2850
train/set-a/133966.txt,17,2867,71,2850
train/set-a/133971.txt,26,2864,107,2838
train/set-a/133972.txt,320,2840,59,2520
train/set-a/133974.txt,114,2874,50,2760
train/set-a/133975.txt,4,2849,135,2845
train/set-a/133978.txt,16,2866,91,2850
train/set-a/133980.txt,0,2880,56,2880
train/set-a/133985.txt,84,2848,80,2764
train/set-a/133992.txt,92,2852,52,2760
train/set-a/133993.txt,41,2861,75,2820
train/set-a/133995.txt,55,2876,64,2821
train/set-a/133999.txt,77,2867,93,2790
train/set-a/134007.txt,53,2825,73,2772
train/set-a/134008.txt,4,2854,61,2850
train/set-a/134009.txt,41,2880,117,2839
train/set-a/134011.txt,30,2865,89,2835
train/set-a/134013.txt,27,2877,81,2850
train/set-a/134015.txt,4,2854,67,2850
train/set-a/134028.txt,15,2865,85,2850
train/set-a/134029.txt,78,2868,59,2790
train/set-a/134034.txt,57,2880,52,2823
train/set-a/134036.txt,222,2841,41,2619
train/set-a/134038.txt,52,2880,189,2828
train/set-a/134042.txt,37,2862,87,2825
train/set-a/134043.txt,23,2875,57,2852
train/set-a/134044.txt,49,2847,81,2798
train/set-a/134049.txt,76,2866,65,2790
train/set-a/134051.txt,1,2821,63,2820
train/set-a/134054.txt,47,2843,100,2796
train/set-a/134058.txt,28,2849,74,2821
train/set-a/134063.txt,75,2865,72,2790
train/set-a/134066.txt,27,2835,58,2808
train/set-a/134068.txt,19,2861,102,2842
train/set-a/134069.txt,50,2870,62,2820
train/set-a/134078.txt,13,2863,87,2850
train/set-a/134079.txt,31,2871,56,2840
train/set-a/134080.txt,11,2866,87,2855
train/set-a/134087.txt,4,2814,64,2810
train/set-a/134089.txt,1,2851,74,2850
train/set-a/134091.txt,50,2870,46,2820
train/set-a/134092.txt,3,2826,94,2823
train/set-a/134095.txt,21,2856,65,2835
train/set-a/134096.txt,30,2874,88,2844
train/set-a/134097.txt,0,2860,78,2860
train/set-a/134098.txt,4,2704,58,2700
train/set-a/134100.txt,4,2854,72,2850
train/set-a/134104.txt,10,2830,99,2820
train/set-a/134105.txt,6,2838,65,2832
train/set-a/134108.txt,17,2777,93,2760
train/set-a/134110.txt,31,2868,86,2837
train/set-a/134112.txt,351,2871,44,2520
train/set-a/134115.txt,10,2861,91,2851
train/set-a/134118.txt,15,2872,101,2857
train/set-a/134119.txt,55,2875,62,2820
train/set-a/134121.txt,21,2841,73,2820
train/set-a/134126.txt,78,2868,64,2790
train/set-a/134130.txt,4,2779,51,2775
train/set-a/134134.txt,68,2848,91,2780
train/set-a/134136.txt,393,2853,61,2460
train/set-a/134143.txt,63,2823,63,2760
train/set-a/134145.txt,30,2874,69,2844
train/set-a/134147.txt,4,2869,80,2865
train/set-a/134151.txt,3,2793,65,2790
train/set-a/134157.txt,150,2880,111,2730
train/set-a/134159.txt,0,2850,100,2850
train/set-a/134161.txt,0,2852,118,2852
train/set-a/134162.txt,51,2845,97,2794
train/set-a/134164.txt,63,2828,61,2765
train/set-a/134165.txt,103,2833,62,2730
train/set-a/134166.txt,8,2847,53,2839
train/set-a/134167.txt,51,2871,76,2820
train/set-a/134168.txt,24,2805,78,2781
train/set-a/134171.txt,135,2835,62,2700
train/set-a/134172.txt,25,2834,108,2809
train/set-a/134176.txt,162,2845,33,2683
train/set-a/134178.txt,26,2846,79,2820
train/set-a/134185.txt,7,2827,56,2820
train/set-a/134186.txt,14,2848,85,2834
train/set-a/134193.txt,35,2845,42,2810
train/set-a/134196.txt,29,2879,56,2850
train/set-a/134199.txt,3,2858,145,2855
train/set-a/134200.txt,204,2859,103,2655
train/set-a/134205.txt,55,2880,53,2825
train/set-a/134207.txt,127,2862,79,2735
train/set-a/134210.txt,5,2875,69,2870
train/set-a/134212.txt,49,2822,77,2773
train/set-a/134218.txt,22,2878,138,2856
train/set-a/134223.txt,8,2828,60,2820
train/set-a/134227.txt,54,2874,45,2820
train/set-a/134228.txt,0,2874,78,2874
train/set-a/134234.txt,47,2837,66,2790
train/set-a/134238.txt,7,2827,89,2820
train/set-a/134239.txt,25,2826,91,2801
train/set-a/134240.txt,186,2860,32,2674
train/set-a/134241.txt,2,2878,106,2876
train/set-a/134244.txt,144,2874,55,2730
train/set-a/134247.txt,34,2854,64,2820
train/set-a/134250.txt,50,2630,33,2580
train/set-a/134251.txt,17,2837,54,2820
train/set-a/134253.txt,245,2570,6,2325
train/set-a/134256.txt,43,2863,66,2820
train/set-a/134259.txt,98,2873,59,2775
train/set-a/134260.txt,24,2866,87,2842
train/set-a/134262.txt,50,2860,74,2810
train/set-a/134272.txt,32,2852,85,2820
train/set-a/134274.txt,2,2802,94,2800
train/set-a/134276.txt,53,2828,100,2775
train/set-a/134278.txt,5,2865,59,2860
train/set-a/134281.txt,52,2860,82,2808
train/set-a/134290.txt,66,2871,61,2805
train/set-a/134291.txt,18,2838,71,2820
train/set-a/134295.txt,108,2808,41,2700
train/set-a/134299.txt,53,2844,87,2791
train/set-a/134302.txt,138,2856,83,2718
train/set-a/134308.txt,74,2834,62,2760
train/set-a/134311.txt,37,2857,56,2820
train/set-a/134314.txt,0,2880,111,2880
train/set-a/134315.txt,3,2823,72,2820
train/set-a/134316.txt,8,2828,95,2820
train/set-a/134318.txt,103,2848,54,2745
train/set-a/134322.txt,7,2872,57,2865
train/set-a/134326.txt,8,2858,74,2850
train/set-a/134330.txt,76,2866,51,2790
train/set-a/134334.txt,14,2834,119,2820
train/set-a/134335.txt,24,2844,67,2820
train/set-a/134338.txt,3,2841,75,2838
train/set-a/134342.txt,4,2854,60,2850
train/set-a/134348.txt,98,2836,73,2738
train/set-a/134351.txt,45,2844,56,2799
train/set-a/134352.txt,9,2855,63,2846
train/set-a/134355.txt,176,2856,74,2680
train/set-a/134359.txt,16,2877,95,2861
train/set-a/134364.txt,56,2816,72,2760
train/set-a/134371.txt,26,2871,84,2845
train/set-a/134376.txt,9,2834,68,2825
train/set-a/134384.txt,13,2833,94,2820
train/set-a/134386.txt,6,2826,67,2820
train/set-a/134389.txt,10,2860,68,2850
train/set-a/134391.txt,5,2825,70,2820
train/set-a/134394.txt,9,2859,77,2850
train/set-a/134395.txt,56,2876,53,2820
train/set-a/134399.txt,23,2843,57,2820
train/set-a/134403.txt,84,2836,71,2752
train/set-a/134404.txt,9,2858,52,2849
train/set-a/134407.txt,45,2825,86,2780
train/set-a/134408.txt,34,2854,42,2820
train/set-a/134411.txt,40,2870,63,2830
train/set-a/134418.txt,46,2871,85,2825
train/set-a/134419.txt,3,2877,68,2874
train/set-a/134420.txt,50,2870,49,2820
train/set-a/134429.txt,109,2839,75,2730
train/set-a/134432.txt,173,2831,58,2658
train/set-a/134437.txt,12,2847,89,2835
train/set-a/134443.txt,136,2876,43,2740
train/set-a/134448.txt,87,2847,67,2760
train/set-a/134456.txt,43,2880,120,2837
train/set-a/134459.txt,7,2827,63,2820
train/set-a/134460.txt,82,2782,50,2700
train/set-a/134464.txt,8,2825,107,2817
train/set-a/134465.txt,87,2847,57,2760
train/set-a/134466.txt,31,2847,96,2816
train/set-a/134474.txt,14,2834,52,2820
train/set-a/134475.txt,7,2827,71,2820
train/set-a/134486.txt,42,2765,57,2723
train/set-a/134487.txt,65,2804,69,2739
train/set-a/134488.txt,87,2832,97,2745
train/set-a/134492.txt,68,2868,105,2800
train/set-a/134493.txt,27,2862,77,2835
train/set-a/134496.txt,64,2704,54,2640
train/set-a/134497.txt,17,2852,65,2835
train/set-a/134498.txt,10,2830,87,2820
train/set-a/134499.txt,41,2846,83,2805
train/set-a/134500.txt,124,2794,48,2670
train/set-a/134502.txt,23,2859,107,2836
train/set-a/134503.txt,65,2825,56,2760
train/set-a/134504.txt,16,2836,42,2820
train/set-a/134515.txt,54,2874,60,2820
train/set-a/134518.txt,30,2865,91,2835
train/set-a/134519.txt,34,2849,51,2815
train/set-a/134520.txt,4,2834,70,2830
train/set-a/134521.txt,1,2864,83,2863
train/set-a/134523.txt,5,2765,51,2760
train/set-a/134526.txt,8,2869,90,2861
train/set-a/134527.txt,24,2854,52,2830
train/set-a/134528.txt,19,2779,79,2760
train/set-a/134530.txt,30,2880,71,2850
train/set-a/134533.txt,6,2766,57,2760
train/set-a/134541.txt,89,2849,91,2760
train/set-a/134552.txt,41,2861,48,2820
train/set-a/134557.txt,7,2857,94,2850
train/set-a/134558.txt,16,2866,78,2850
train/set-a/134564.txt,3,2823,87,2820
train/set-a/134567.txt,78,2838,66,2760
train/set-a/134568.txt,0,2865,64,2865
train/set-a/134572.txt,30,2836,73,2806
train/set-a/134575.txt,7,2833,69,2826
train/set-a/134576.txt,1,2858,68,2857
train/set-a/134578.txt,30,2850,98,2820
train/set-a/134579.txt,7,2861,95,2854
train/set-a/134582.txt,39,2849,64,2810
train/set-a/134585.txt,98,2866,104,2768
train/set-a/134587.txt,5,2825,66,2820
train/set-a/134588.txt,22,2842,92,2820
train/set-a/134589.txt,9,2844,86,2835
train/set-a/134595.txt,31,2821,72,2790
train/set-a/134599.txt,25,2785,34,2760
train/set-a/134600.txt,25,2868,108,2843
train/set-a/134606.txt,10,2845,63,2835
train/set-a/134607.txt,10,2871,73,2861
train/set-a/134608.txt,11,2876,61,2865
train/set-a/134609.txt,74,2834,65,2760
train/set-a/134610.txt,172,2862,77,2690
train/set-a/134613.txt,100,2860,70,2760
train/set-a/134618.txt,19,2839,52,2820
train/set-a/134620.txt,0,2850,63,2850
train/set-a/134623.txt,84,2874,78,2790
train/set-a/134627.txt,92,2852,55,2760
train/set-a/134628.txt,73,2860,54,2787
train/set-a/134630.txt,12,2832,58,2820
train/set-a/134632.txt,4,2824,54,2820
train/set-a/134634.txt,38,2838,106,2800
train/set-a/134637.txt,9,2848,82,2839
train/set-a/134642.txt,24,2824,79,2800
train/set-a/134645.txt,24,2850,75,2826
train/set-a/134646.txt,4,2835,80,2831
train/set-a/134647.txt,10,2800,53,2790
train/set-a/134650.txt,3,2878,50,2875
train/set-a/134654.txt,3,2878,83,2875
train/set-a/134656.txt,3,2848,109,2845
train/set-a/134659.txt,53,2873,55,2820
train/set-a/134663.txt,313,2773,39,2460
train/set-a/134664.txt,77,2837,71,2760
train/set-a/134675.txt,1,2866,72,2865
train/set-a/134676.txt,40,2830,49,2790
train/set-a/134678.txt,31,2855,79,2824
train/set-a/134683.txt,16,2846,76,2830
train/set-a/134684.txt,74,2869,80,2795
train/set-a/134685.txt,37,2835,50,2798
train/set-a/134686.txt,2,2862,80,2860
train/set-a/134689.txt,27,2727,48,2700
train/set-a/134692.txt,9,2874,55,2865
train/set-a/134694.txt,27,2877,51,2850
train/set-a/134696.txt,10,2862,109,2852
train/set-a/134697.txt,14,2873,85,2859
train/set-a/134698.txt,26,2846,73,2820
train/set-a/134703.txt,9,2835,96,2826
train/set-a/134707.txt,22,2842,107,2820
train/set-a/134708.txt,3,2868,47,2865
train/set-a/134710.txt,5,2870,72,2865
train/set-a/134712.txt,49,2872,56,2823
train/set-a/134718.txt,90,2835,111,2745
train/set-a/134719.txt,2,2849,53,2847
train/set-a/134724.txt,48,2868,68,2820
train/set-a/134728.txt,7,2842,64,2835
train/set-a/134729.txt,49,2861,115,2812
train/set-a/134732.txt,51,2856,122,2805
train/set-a/134733.txt,1,2858,77,2857
train/set-a/134744.txt,0,2850,72,2850
train/set-a/134749.txt,115,2875,54,2760
train/set-a/134750.txt,49,2837,70,2788
train/set-a/134751.txt,15,2835,76,2820
train/set-a/134755.txt,10,2875,57,2865
train/set-a/134756.txt,3,2083,56,2080
train/set-a/134757.txt,9,2844,108,2835
train/set-a/134762.txt,26,2860,74,2834
train/set-a/134763.txt,110,2870,61,2760
train/set-a/134766.txt,214,2674,11,2460
train/set-a/134767.txt,28,2833,65,2805
train/set-a/134780.txt,100,2680,60,2580
train/set-a/134782.txt,119,2729,51,2610
train/set-a/134786.txt,2,2848,81,2846
train/set-a/134794.txt,63,2831,57,2768
train/set-a/134796.txt,72,2692,53,2620
train/set-a/134797.txt,11,2880,74,2869
train/set-a/134800.txt,41,2861,55,2820
train/set-a/134802.txt,86,2846,55,2760
train/set-a/134803.txt,51,2877,76,2826
train/set-a/134805.txt,18,2868,67,2850
train/set-a/134807.txt,12,2832,74,2820
train/set-a/134810.txt,1,2821,85,2820
train/set-a/134816.txt,97,2827,62,2730
train/set-a/134823.txt,102,2862,50,2760
train/set-a/134824.txt,67,2842,55,2775
train/set-a/134829.txt,36,2856,65,2820
train/set-a/134834.txt,14,2863,114,2849
train/set-a/134835.txt,12,2862,97,2850
train/set-a/134842.txt,317,2837,69,2520
train/set-a/134845.txt,112,2688,42,2576
train/set-a/134848.txt,1,2836,69,2835
train/set-a/134849.txt,2,2872,67,2870
train/set-a/134851.txt,8,2873,74,2865
train/set-a/134860.txt,11,2831,63,2820
train/set-a/134862.txt,6,2789,92,2783
train/set-a/134864.txt,3,2853,82,2850
train/set-a/134866.txt,99,2844,92,2745
train/set-a/134869.txt,86,2786,54,2700
train/set-a/134871.txt,133,2833,48,2700
train/set-a/134872.txt,7,2827,51,2820
train/set-a/134875.txt,17,2837,64,2820
train/set-a/134878.txt,1,2866,71,2865
train/set-a/134882.txt,21,2861,85,2840
train/set-a/134884.txt,70,2835,54,2765
train/set-a/134885.txt,0,2850,75,2850
train/set-a/134886.txt,113,2873,51,2760
train/set-a/134892.txt,50,2840,60,2790
train/set-a/134893.txt,103,2833,56,2730
train/set-a/134894.txt,73,2878,67,2805
train/set-a/134900.txt,4,2824,95,2820
train/set-a/134901.txt,117,2817,57,2700
train/set-a/134904.txt,35,2855,48,2820
train/set-a/134906.txt,5,2855,62,2850
train/set-a/134914.txt,66,2766,56,2700
train/set-a/134915.txt,20,2870,47,2850
train/set-a/134916.txt,60,2372,18,2312
train/set-a/134919.txt,44,2864,78,2820
train/set-a/134920.txt,5,2870,80,2865
train/set-a/134923.txt,24,2829,92,2805
train/set-a/134933.txt,3,2828,59,2825
train/set-a/134940.txt,121,2821,76,2700
train/set-a/134945.txt,312,2873,71,2561
train/set-a/134948.txt,44,2864,69,2820
train/set-a/134949.txt,44,2827,77,2783
train/set-a/134957.txt,0,2850,65,2850
train/set-a/134965.txt,11,2851,59,2840
train/set-a/134974.txt,4,2829,95,2825
train/set-a/134976.txt,11,2861,66,2850
train/set-a/134983.txt,1,2836,79,2835
train/set-a/134992.txt,7,2879,78,2872
train/set-a/134994.txt,0,2850,121,2850
train/set-a/134995.txt,23,2858,88,2835
train/set-a/134999.txt,62,2867,54,2805
train/set-a/135002.txt,56,2876,54,2820
train/set-a/135004.txt,67,2842,50,2775
train/set-a/135006.txt,29,2764,39,2735
train/set-a/135007.txt,21,2869,85,2848
train/set-a/135009.txt,3,2848,88,2845
train/set-a/135011.txt,230,2870,90,2640
train/set-a/135013.txt,60,2824,82,2764
train/set-a/135014.txt,24,2844,87,2820
train/set-a/135015.txt,161,2831,64,2670
train/set-a/135020.txt,1,2866,70,2865
train/set-a/135021.txt,58,2878,68,2820
train/set-a/135027.txt,50,2870,58,2820
train/set-a/135028.txt,4,2869,80,2865
train/set-a/135044.txt,18,2838,64,2820
train/set-a/135048.txt,23,2843,82,2820
train/set-a/135051.txt,65,2825,71,2760
train/set-a/135056.txt,76,2776,38,2700
train/set-a/135057.txt,77,2852,68,2775
train/set-a/135059.txt,242,2493,5,2251
train/set-a/135065.txt,25,2845,51,2820
train/set-a/135067.txt,101,2876,58,2775
train/set-a/135071.txt,234,2874,67,2640
train/set-a/135072.txt,18,2821,69,2803
train/set-a/135076.txt,32,2852,61,2820
train/set-a/135077.txt,27,2872,70,2845
train/set-a/135079.txt,15,2850,72,2835
train/set-a/135080.txt,3,2880,102,2877
train/set-a/135081.txt,39,2840,94,2801
train/set-a/135083.txt,19,2779,32,2760
train/set-a/135086.txt,2,2875,89,2873
train/set-a/135088.txt,56,2860,115,2804
train/set-a/135089.txt,44,2870,61,2826
train/set-a/135092.txt,0,2835,65,2835
train/set-a/135103.txt,26,2837,72,2811
train/set-a/135105.txt,98,2828,70,2730
train/set-a/135107.txt,51,2871,61,2820
train/set-a/135110.txt,1,2846,62,2845
train/set-a/135111.txt,5,2880,52,2875
train/set-a/135116.txt,74,2034,5,1960
train/set-a/135127.txt,7,2867,61,2860
train/set-a/135129.txt,45,2625,58,2580
train/set-a/135130.txt,51,2852,103,2801
train/set-a/135135.txt,6,2766,37,2760
train/set-a/135141.txt,186,2826,50,2640
train/set-a/135142.txt,68,2854,67,2786
train/set-a/135145.txt,58,2878,69,2820
train/set-a/135146.txt,3,2858,73,2855
train/set-a/135159.txt,2,2865,91,2863
train/set-a/135160.txt,16,2866,62,2850
train/set-a/135161.txt,3,2823,67,2820
train/set-a/135162.txt,56,2872,61,2816
train/set-a/135171.txt,52,2872,71,2820
train/set-a/135176.txt,81,2871,62,2790
train/set-a/135178.txt,24,2858,81,2834
train/set-a/135183.txt,4,2866,81,2862
train/set-a/135194.txt,46,2806,63,2760
train/set-a/135195.txt,15,2839,82,2824
train/set-a/135196.txt,22,2843,134,2821
train/set-a/135197.txt,65,2645,74,2580
train/set-a/135199.txt,45,2835,51,2790
train/set-a/135200.txt,97,2861,89,2764
train/set-a/135203.txt,16,2836,70,2820
train/set-a/135207.txt,71,2831,51,2760
train/set-a/135209.txt,13,2833,129,2820
train/set-a/135210.txt,5,2825,94,2820
train/set-a/135219.txt,15,2235,41,2220
train/set-a/135220.txt,22,2854,117,2832
train/set-a/135221.txt,33,2862,71,2829
train/set-a/135223.txt,25,2865,76,2840
train/set-a/135224.txt,14,2714,59,2700
train/set-a/135226.txt,42,2874,56,2832
train/set-a/135228.txt,111,2841,59,2730
train/set-a/135230.txt,203,2843,64,2640
train/set-a/135231.txt,15,2865,85,2850
train/set-a/135232.txt,30,2799,51,2769
train/set-a/135236.txt,56,2861,58,2805
train/set-a/135237.txt,27,2847,115,2820
train/set-a/135240.txt,13,2833,116,2820
train/set-a/135246.txt,12,2832,53,2820
train/set-a/135247.txt,13,2857,80,2844
train/set-a/135249.txt,30,2868,80,2838
train/set-a/135251.txt,248,2828,54,2580
train/set-a/135254.txt,4,2874,104,2870
train/set-a/135256.txt,56,2876,97,2820
train/set-a/135261.txt,15,2823,91,2808
train/set-a/135265.txt,9,2819,26,2810
train/set-a/135266.txt,16,2866,51,2850
train/set-a/135267.txt,76,2775,55,2699
train/set-a/135268.txt,25,2871,67,2846
train/set-a/135270.txt,123,1999,5,1876
train/set-a/135273.txt,21,2811,62,2790
train/set-a/135275.txt,29,2729,57,2700
train/set-a/135276.txt,29,2879,62,2850
train/set-a/135280.txt,8,2828,52,2820
train/set-a/135284.txt,78,2775,57,2697
train/set-a/135288.txt,237,2864,68,2627
train/set-a/135290.txt,5,2852,89,2847
train/set-a/135291.txt,32,2872,79,2840
train/set-a/135298.txt,41,2854,106,2813
train/set-a/135300.txt,14,2840,74,2826
train/set-a/135305.txt,9,2879,79,2870
train/set-a/135306.txt,1,2841,78,2840
train/set-a/135307.txt,2,2865,84,2863
train/set-a/135311.txt,53,2860,85,2807
train/set-a/135313.txt,98,2877,56,2779
train/set-a/135316.txt,82,2880,109,2798
train/set-a/135318.txt,58,2823,77,2765
train/set-a/135321.txt,28,2842,82,2814
train/set-a/135323.txt,4,2854,66,2850
train/set-a/135330.txt,176,2876,94,2700
train/set-a/135341.txt,24,2831,95,2807
train/set-a/135346.txt,40,2860,78,2820
train/set-a/135347.txt,20,2823,90,2803
train/set-a/135352.txt,140,2870,67,2730
train/set-a/135355.txt,9,2859,60,2850
train/set-a/135357.txt,30,2845,80,2815
train/set-a/135358.txt,154,2824,62,2670
train/set-a/135361.txt,197,1549,2,1352
train/set-a/135362.txt,28,2848,78,2820
train/set-a/135363.txt,218,2778,54,2560
train/set-a/135365.txt,1,2826,202,2825
train/set-a/135366.txt,30,2862,82,2832
train/set-a/135375.txt,3,2834,92,2831
train/set-a/135380.txt,4,2824,70,2820
train/set-a/135383.txt,15,2850,66,2835
train/set-a/135386.txt,55,2828,85,2773
train/set-a/135387.txt,36,2826,78,2790
train/set-a/135388.txt,6,2871,82,2865
train/set-a/135402.txt,70,2830,79,2760
train/set-a/135404.txt,26,2846,59,2820
train/set-a/135406.txt,72,2842,85,2770
train/set-a/135410.txt,18,2808,60,2790
train/set-a/135411.txt,9,2829,50,2820
train/set-a/135416.txt,72,2862,97,2790
train/set-a/135417.txt,1,2866,75,2865
train/set-a/135419.txt,36,2856,87,2820
train/set-a/135421.txt,151,2851,72,2700
train/set-a/135426.txt,205,2846,55,2641
train/set-a/135427.txt,14,2844,63,2830
train/set-a/135431.txt,82,2872,49,2790
train/set-a/135438.txt,42,2877,81,2835
train/set-a/135439.txt,18,2838,56,2820
train/set-a/135441.txt,18,2859,136,2841
train/set-a/135442.txt,23,2843,51,2820
train/set-a/135443.txt,14,2834,58,2820
train/set-a/135444.txt,90,2880,45,2790
train/set-a/135447.txt,27,2877,53,2850
train/set-a/135449.txt,5,2855,77,2850
train/set-a/135453.txt,153,2868,90,2715
train/set-a/135454.txt,8,2873,55,2865
train/set-a/135455.txt,2,2822,70,2820
train/set-a/135458.txt,38,2862,72,2824
train/set-a/135459.txt,7,2836,81,2829
train/set-a/135463.txt,31,2821,54,2790
train/set-a/135464.txt,4,2861,78,2857
train/set-a/135470.txt,74,2849,78,2775
train/set-a/135472.txt,0,2790,77,2790
train/set-a/135474.txt,73,2861,89,2788
train/set-a/135475.txt,51,2841,83,2790
train/set-a/135476.txt,16,2860,90,2844
train/set-a/135478.txt,85,2845,52,2760
train/set-a/135480.txt,17,2867,53,2850
train/set-a/135481.txt,107,2822,154,2715
train/set-a/135488.txt,14,2859,80,2845
train/set-a/135489.txt,13,2838,106,2825
train/set-a/135497.txt,57,2838,66,2781
train/set-a/135498.txt,81,2831,55,2750
train/set-a/135499.txt,48,2871,83,2823
train/set-a/135508.txt,106,1959,4,1853
train/set-a/135510.txt,18,2826,101,2808
train/set-a/135512.txt,116,2861,143,2745
train/set-a/135513.txt,110,2840,48,2730
train/set-a/135517.txt,34,2839,90,2805
train/set-a/135522.txt,21,2841,96,2820
train/set-a/135527.txt,27,2863,55,2836
train/set-a/135529.txt,9,2810,81,2801
train/set-a/135530.txt,13,2833,67,2820
train/set-a/135534.txt,9,2874,93,2865
train/set-a/135542.txt,69,2829,79,2760
train/set-a/135543.txt,9,2874,52,2865
train/set-a/135547.txt,64,2839,59,2775
train/set-a/135548.txt,33,2833,85,2800
train/set-a/135556.txt,113,2828,53,2715
train/set-a/135557.txt,24,2844,95,2820
train/set-a/135560.txt,40,2875,101,2835
train/set-a/135561.txt,3,2869,64,2866
train/set-a/135564.txt,45,2835,81,2790
train/set-a/135568.txt,6,2848,60,2842
train/set-a/135569.txt,122,2642,41,2520
train/set-a/135571.txt,62,2822,60,2760
train/set-a/135573.txt,27,2850,52,2823
train/set-a/135576.txt,11,2876,93,2865
train/set-a/135587.txt,8,2843,70,2835
train/set-a/135589.txt,5,2870,63,2865
train/set-a/135595.txt,3,2863,64,2860
train/set-a/135596.txt,84,2844,74,2760
train/set-a/135599.txt,5,2855,94,2850
train/set-a/135610.txt,6,2841,56,2835
train/set-a/135613.txt,132,2862,58,2730
train/set-a/135614.txt,29,2849,81,2820
train/set-a/135616.txt,112,2842,50,2730
train/set-a/135619.txt,4,2839,77,2835
train/set-a/135623.txt,10,2850,76,2840
train/set-a/135630.txt,45,2865,60,2820
train/set-a/135631.txt,9,2784,83,2775
train/set-a/135634.txt,10,2875,125,2865
train/set-a/135636.txt,65,2876,111,2811
train/set-a/135638.txt,27,2877,111,2850
train/set-a/135642.txt,17,2867,75,2850
train/set-a/135644.txt,11,2837,63,2826
train/set-a/135646.txt,56,2866,65,2810
train/set-a/135653.txt,47,2860,77,2813
train/set-a/135660.txt,20,2875,27,2855
train/set-a/135662.txt,37,2827,50,2790
train/set-a/135665.txt,12,2860,65,2848
train/set-a/135669.txt,77,2852,76,2775
train/set-a/135672.txt,4,2824,83,2820
train/set-a/135674.txt,1,2834,49,2833
train/set-a/135676.txt,53,2873,58,2820
train/set-a/135677.txt,77,2837,61,2760
train/set-a/135685.txt,95,2879,106,2784
train/set-a/135688.txt,9,2859,53,2850
train/set-a/135693.txt,11,2879,90,2868
train/set-a/135698.txt,16,2821,90,2805
train/set-a/135705.txt,159,2874,66,2715
train/set-a/135715.txt,144,2857,73,2713
train/set-a/135717.txt,39,2859,81,2820
train/set-a/135719.txt,171,2871,77,2700
train/set-a/135720.txt,14,2863,67,2849
train/set-a/135722.txt,3,2853,75,2850
train/set-a/135723.txt,24,2874,98,2850
train/set-a/135728.txt,4,2824,64,2820
train/set-a/135729.txt,89,2849,96,2760
train/set-a/135733.txt,104,2864,61,2760
train/set-a/135734.txt,59,2879,53,2820
train/set-a/135742.txt,74,2834,61,2760
train/set-a/135749.txt,15,2835,99,2820
train/set-a/135757.txt,10,2862,146,2852
train/set-a/135769.txt,4,2824,109,2820
train/set-a/135770.txt,3,2873,65,2870
train/set-a/135772.txt,5,2828,98,2823
train/set-a/135773.txt,70,2858,6,2788
train/set-a/135775.txt,21,2841,77,2820
train/set-a/135779.txt,12,2832,68,2820
train/set-a/135787.txt,13,2831,99,2818
train/set-a/135788.txt,14,2864,73,2850
train/set-a/135789.txt,2,2867,55,2865
train/set-a/135793.txt,13,2869,92,2856
train/set-a/135794.txt,51,2871,47,2820
train/set-a/135797.txt,6,2860,80,2854
train/set-a/135798.txt,90,2850,54,2760
train/set-a/135800.txt,41,2880,109,2839
train/set-a/135803.txt,84,2844,43,2760
train/set-a/135805.txt,8,2858,74,2850
train/set-a/135808.txt,60,2855,66,2795
train/set-a/135809.txt,125,2880,75,2755
train/set-a/135811.txt,83,2858,68,2775
train/set-a/135813.txt,21,2841,53,2820
train/set-a/135818.txt,12,2868,90,2856
train/set-a/135822.txt,0,1980,29,1980
train/set-a/135829.txt,36,2871,111,2835
train/set-a/135830.txt,20,2833,56,2813
train/set-a/135833.txt,57,2877,60,2820
train/set-a/135841.txt,103,2603,5,2500
train/set-a/135844.txt,0,2860,56,2860
train/set-a/135845.txt,8,2573,4,2565
train/set-a/135859.txt,8,2841,83,2833
train/set-a/135866.txt,88,2848,56,2760
train/set-a/135873.txt,8,2873,74,2865
train/set-a/135874.txt,12,2824,86,2812
train/set-a/135879.txt,8,2858,57,2850
train/set-a/135880.txt,23,2835,69,2812
train/set-a/135881.txt,157,2872,64,2715
train/set-a/135885.txt,33,2853,75,2820
train/set-a/135887.txt,76,2836,58,2760
train/set-a/135894.txt,190,2872,81,2682
train/set-a/135895.txt,13,2866,74,2853
train/set-a/135897.txt,88,2863,83,2775
train/set-a/135899.txt,68,2843,81,2775
train/set-a/135901.txt,6,2823,67,2817
train/set-a/135906.txt,12,2832,70,2820
train/set-a/135908.txt,87,2862,88,2775
train/set-a/135910.txt,5,2875,87,2870
train/set-a/135911.txt,0,2877,88,2877
train/set-a/135913.txt,8,2843,79,2835
train/set-a/135926.txt,0,2880,75,2880
train/set-a/135933.txt,24,2874,100,2850
train/set-a/135946.txt,0,2835,69,2835
train/set-a/135951.txt,2,2822,58,2820
train/set-a/135954.txt,72,2870,11,2798
train/set-a/135962.txt,77,2844,33,2767
train/set-a/135963.txt,66,2823,70,2757
train/set-a/135966.txt,6,2871,91,2865
train/set-a/135968.txt,3,2871,64,2868
train/set-a/135969.txt,36,2858,69,2822
train/set-a/135971.txt,204,2856,56,2652
train/set-a/135972.txt,129,2874,60,2745
train/set-a/135973.txt,198,2838,60,2640
train/set-a/135980.txt,6,2826,48,2820
train/set-a/135981.txt,5,2825,60,2820
train/set-a/135982.txt,3,2853,51,2850
train/set-a/135983.txt,56,2865,57,2809
train/set-a/135992.txt,51,2826,55,2775
train/set-a/135994.txt,72,2832,52,2760
train/set-a/135996.txt,45,2865,67,2820
train/set-a/135997.txt,12,2857,77,2845
train/set-a/136001.txt,25,2848,83,2823
train/set-a/136002.txt,128,2873,76,2745
train/set-a/136004.txt,35,2829,109,2794
train/set-a/136005.txt,22,2872,67,2850
train/set-a/136006.txt,68,2843,84,2775
train/set-a/136015.txt,279,2844,60,2565
train/set-a/136019.txt,309,2846,9,2537
train/set-a/136020.txt,100,2860,124,2760
train/set-a/136022.txt,311,1551,2,1240
train/set-a/136024.txt,30,2850,72,2820
train/set-a/136029.txt,113,2869,79,2756
train/set-a/136031.txt,273,2853,61,2580
train/set-a/136032.txt,50,2830,81,2780
train/set-a/136033.txt,19,2863,21,2844
train/set-a/136038.txt,24,2879,71,2855
train/set-a/136042.txt,19,1099,20,1080
train/set-a/136043.txt,39,2859,60,2820
train/set-a/136044.txt,24,2844,52,2820
train/set-a/136045.txt,1,2821,100,2820
train/set-a/136047.txt,8,2858,91,2850
train/set-a/136049.txt,19,2845,67,2826
train/set-a/136052.txt,12,2832,66,2820
train/set-a/136058.txt,1,2859,76,2858
train/set-a/136059.txt,27,2877,82,2850
train/set-a/136060.txt,4,2870,60,2866
train/set-a/136063.txt,11,2871,54,2860
train/set-a/136067.txt,25,2875,93,2850
train/set-a/136071.txt,109,2844,59,2735
train/set-a/136081.txt,10,2830,59,2820
train/set-a/136082.txt,134,2826,75,2692
train/set-a/136090.txt,91,2851,60,2760
train/set-a/136095.txt,1,2866,72,2865
train/set-a/136096.txt,14,2834,64,2820
train/set-a/136102.txt,10,2860,134,2850
train/set-a/136104.txt,48,2831,77,2783
train/set-a/136108.txt,80,2870,66,2790
train/set-a/136110.txt,2,2832,78,2830
train/set-a/136112.txt,70,2670,51,2600
train/set-a/136113.txt,1,2851,51,2850
train/set-a/136115.txt,39,2876,79,2837
train/set-a/136124.txt,147,2845,76,2698
train/set-a/136130.txt,430,2840,41,2410
train/set-a/136132.txt,6,2856,78,2850
train/set-a/136151.txt,53,2853,53,2800
train/set-a/136164.txt,2,2822,82,2820
train/set-a/136169.txt,45,2865,60,2820
train/set-a/136176.txt,28,2828,98,2800
train/set-a/136177.txt,39,2855,90,2816
train/set-a/136178.txt,177,2817,28,2640
train/set-a/136182.txt,41,2860,82,2819
train/set-a/136185.txt,21,2841,85,2820
train/set-a/136186.txt,71,2861,61,2790
train/set-a/136187.txt,4,2839,75,2835
train/set-a/136190.txt,13,2822,57,2809
train/set-a/136195.txt,23,2837,76,2814
train/set-a/136197.txt,51,2451,43,2400
train/set-a/136200.txt,3,2763,73,2760
train/set-a/136202.txt,5,2825,58,2820
train/set-a/136203.txt,15,2835,68,2820
train/set-a/136204.txt,52,2842,61,2790
train/set-a/136213.txt,202,2842,72,2640
train/set-a/136215.txt,19,2854,61,2835
train/set-a/136223.txt,5,2838,83,2833
train/set-a/136225.txt,3,2826,103,2823
train/set-a/136229.txt,17,2837,58,2820
train/set-a/136230.txt,85,2815,67,2730
train/set-a/136234.txt,9,2829,55,2820
train/set-a/136236.txt,75,2835,62,2760
train/set-a/136240.txt,40,2860,55,2820
train/set-a/136246.txt,16,2866,54,2850
train/set-a/136256.txt,57,2877,53,2820
train/set-a/136258.txt,128,2834,73,2706
train/set-a/136260.txt,55,2799,57,2744
train/set-a/136264.txt,20,2875,64,2855
train/set-a/136265.txt,42,2832,72,2790
train/set-a/136267.txt,19,2828,79,2809
train/set-a/136271.txt,45,2837,72,2792
train/set-a/136272.txt,38,2878,102,2840
train/set-a/136278.txt,1274,2066,2,792
train/set-a/136282.txt,19,2879,117,2860
train/set-a/136288.txt,54,2835,70,2781
train/set-a/136289.txt,3,2868,109,2865
train/set-a/136292.txt,3,2863,83,2860
train/set-a/136294.txt,3,2823,72,2820
train/set-a/136295.txt,118,2833,65,2715
train/set-a/136299.txt,176,2846,58,2670
train/set-a/136302.txt,23,2863,87,2840
train/set-a/136306.txt,179,2879,89,2700
train/set-a/136308.txt,42,2862,62,2820
train/set-a/136309.txt,14,2833,90,2819
train/set-a/136316.txt,56,2876,50,2820
train/set-a/136319.txt,10,2870,83,2860
train/set-a/136321.txt,8,2858,101,2850
train/set-a/136325.txt,6,2876,99,2870
train/set-a/136326.txt,14,2879,128,2865
train/set-a/136327.txt,55,2875,115,2820
train/set-a/136329.txt,12,2877,69,2865
train/set-a/136332.txt,22,2862,55,2840
train/set-a/136336.txt,222,2820,80,2598
train/set-a/136343.txt,515,2827,57,2312
train/set-a/136346.txt,13,2857,64,2844
train/set-a/136348.txt,18,2838,70,2820
train/set-a/136350.txt,316,2866,55,2550
train/set-a/136354.txt,68,2828,49,2760
train/set-a/136356.txt,35,2855,66,2820
train/set-a/136357.txt,73,2833,58,2760
train/set-a/136361.txt,15,2865,66,2850
train/set-a/136363.txt,16,2831,63,2815
train/set-a/136364.txt,2,2862,56,2860
train/set-a/136365.txt,9,2844,72,2835
train/set-a/136366.txt,22,2842,100,2820
train/set-a/136368.txt,57,2836,106,2779
train/set-a/136372.txt,5,2870,85,2865
train/set-a/136373.txt,8,2839,69,2831
train/set-a/136375.txt,107,2841,147,2734
train/set-a/136377.txt,8,2873,91,2865
train/set-a/136380.txt,3,2853,56,2850
train/set-a/136383.txt,5,2870,160,2865
train/set-a/136392.txt,9,2860,82,2851
train/set-a/136396.txt,80,2849,89,2769
train/set-a/136398.txt,95,2870,85,2775
train/set-a/136399.txt,126,2826,57,2700
train/set-a/136405.txt,46,2821,72,2775
train/set-a/136406.txt,65,2855,66,2790
train/set-a/136407.txt,19,2824,79,2805
train/set-a/136410.txt,31,2861,61,2830
train/set-a/136417.txt,11,2880,89,2869
train/set-a/136418.txt,4,2873,106,2869
train/set-a/136424.txt,114,2879,58,2765
train/set-a/136429.txt,68,2858,83,2790
train/set-a/136430.txt,45,2841,71,2796
train/set-a/136432.txt,23,2843,52,2820
train/set-a/136434.txt,7,2827,75,2820
train/set-a/136440.txt,125,2870,72,2745
train/set-a/136441.txt,6,2871,66,2865
train/set-a/136443.txt,320,2780,54,2460
train/set-a/136444.txt,138,2854,60,2716
train/set-a/136446.txt,8,2834,64,2826
train/set-a/136453.txt,1,2821,50,2820
train/set-a/136457.txt,22,2823,103,2801
train/set-a/136458.txt,37,2857,83,2820
train/set-a/136459.txt,2,2852,89,2850
train/set-a/136460.txt,21,2834,82,2813
train/set-a/136462.txt,12,2862,68,2850
train/set-a/136463.txt,5,2825,100,2820
train/set-a/136466.txt,90,2865,47,2775
train/set-a/136472.txt,13,2868,60,2855
train/set-a/136474.txt,24,2828,95,2804
train/set-a/136477.txt,106,2866,70,2760
train/set-a/136478.txt,136,2836,55,2700
train/set-a/136481.txt,24,2874,135,2850
train/set-a/136482.txt,12,2832,73,2820
train/set-a/136484.txt,279,2874,48,2595
train/set-a/136485.txt,3,2833,75,2830
train/set-a/136488.txt,12,2842,90,2830
train/set-a/136490.txt,13,2858,95,2845
train/set-a/136496.txt,18,2825,69,2807
train/set-a/136498.txt,8,2832,65,2824
train/set-a/136499.txt,106,2716,45,2610
train/set-a/136502.txt,2,2822,55,2820
train/set-a/136503.txt,82,2857,50,2775
train/set-a/136504.txt,33,2868,76,2835
train/set-a/136505.txt,4,2846,72,2842
train/set-a/136506.txt,106,2866,55,2760
train/set-a/136512.txt,177,2877,54,2700
train/set-a/136516.txt,24,2869,80,2845
train/set-a/136517.txt,58,2833,82,2775
train/set-a/136519.txt,10,2860,52,2850
train/set-a/136520.txt,0,2855,84,2855
train/set-a/136523.txt,4,2802,84,2798
train/set-a/136526.txt,37,2857,57,2820
train/set-a/136533.txt,113,2828,59,2715
train/set-a/136534.txt,33,2827,81,2794
train/set-a/136536.txt,301,2876,74,2575
train/set-a/136538.txt,86,2846,60,2760
train/set-a/136539.txt,29,2864,89,2835
train/set-a/136540.txt,36,2856,62,2820
train/set-a/136546.txt,146,2840,90,2694
train/set-a/136550.txt,51,2871,77,2820
train/set-a/136552.txt,30,2880,67,2850
train/set-a/136558.txt,52,2872,61,2820
train/set-a/136560.txt,37,2861,65,2824
train/set-a/136561.txt,139,2839,48,2700
train/set-a/136570.txt,30,2850,64,2820
train/set-a/136571.txt,7,2842,67,2835
train/set-a/136572.txt,4,2847,89,2843
train/set-a/136576.txt,12,2874,82,2862
train/set-a/136577.txt,99,2836,91,2737
train/set-a/136578.txt,202,2877,51,2675
train/set-a/136579.txt,87,2847,55,2760
train/set-a/136581.txt,25,2846,77,2821
train/set-a/136585.txt,79,2828,85,2749
train/set-a/136590.txt,45,2865,72,2820
train/set-a/136594.txt,27,2852,85,2825
train/set-a/136599.txt,17,2867,59,2850
train/set-a/136609.txt,38,2874,72,2836
train/set-a/136610.txt,38,2828,76,2790
train/set-a/136611.txt,12,2879,108,2867
train/set-a/136613.txt,50,2870,71,2820
train/set-a/136614.txt,2,2852,71,2850
train/set-a/136616.txt,11,2831,45,2820
train/set-a/136618.txt,52,2872,59,2820
train/set-a/136619.txt,49,2861,79,2812
train/set-a/136620.txt,2,2837,59,2835
train/set-a/136622.txt,373,2863,80,2490
train/set-a/136626.txt,158,2866,66,2708
train/set-a/136633.txt,18,2838,46,2820
train/set-a/136634.txt,39,2859,59,2820
train/set-a/136638.txt,102,2873,121,2771
train/set-a/136639.txt,12,2862,58,2850
train/set-a/136641.txt,12,2832,66,2820
train/set-a/136642.txt,33,2868,103,2835
train/set-a/136643.txt,63,2868,85,2805
train/set-a/136652.txt,2,2839,79,2837
train/set-a/136655.txt,24,2858,65,2834
train/set-a/136656.txt,117,2802,71,2685
train/set-a/136660.txt,43,2782,70,2739
train/set-a/136661.txt,256,2836,45,2580
train/set-a/136663.txt,17,2872,103,2855
train/set-a/136668.txt,1,2851,91,2850
train/set-a/136677.txt,34,2844,65,2810
train/set-a/136678.txt,62,2852,72,2790
train/set-a/136679.txt,118,2863,82,2745
train/set-a/136680.txt,58,2827,73,2769
train/set-a/136686.txt,23,2873,79,2850
train/set-a/136692.txt,77,2840,80,2763
train/set-a/136693.txt,82,2868,85,2786
train/set-a/136694.txt,83,2843,60,2760
train/set-a/136695.txt,22,2872,49,2850
train/set-a/136701.txt,121,2821,61,2700
train/set-a/136706.txt,37,2857,73,2820
train/set-a/136709.txt,3,2853,60,2850
train/set-a/136723.txt,59,2879,72,2820
train/set-a/136726.txt,104,2804,33,2700
train/set-a/136730.txt,68,2858,75,2790
train/set-a/136733.txt,58,2818,55,2760
train/set-a/136738.txt,8,2778,56,2770
train/set-a/136749.txt,22,2842,56,2820
train/set-a/136752.txt,3,2823,80,2820
train/set-a/136753.txt,33,2853,82,2820
train/set-a/136763.txt,0,2835,58,2835
train/set-a/136764.txt,18,2846,59,2828
train/set-a/136765.txt,0,2874,73,2874
train/set-a/136768.txt,2,2862,136,2860
train/set-a/136771.txt,33,2875,91,2842
train/set-a/136777.txt,5,2855,57,2850
train/set-a/136781.txt,5,2869,96,2864
train/set-a/136782.txt,18,2478,56,2460
train/set-a/136784.txt,12,2868,63,2856
train/set-a/136785.txt,53,2855,133,2802
train/set-a/136786.txt,50,2849,70,2799
train/set-a/136788.txt,24,2876,64,2852
train/set-a/136795.txt,4,2854,53,2850
train/set-a/136797.txt,14,2874,55,2860
train/set-a/136802.txt,19,2878,102,2859
train/set-a/136806.txt,136,2866,60,2730
train/set-a/136808.txt,25,2833,87,2808
train/set-a/136810.txt,0,2865,119,2865
train/set-a/136812.txt,81,2841,96,2760
train/set-a/136815.txt,48,2872,119,2824
train/set-a/136816.txt,23,2843,77,2820
train/set-a/136817.txt,1,2851,82,2850
train/set-a/136834.txt,28,2698,26,2670
train/set-a/136838.txt,114,2874,51,2760
train/set-a/136844.txt,3,2863,60,2860
train/set-a/136848.txt,12,2862,52,2850
train/set-a/136851.txt,60,2855,104,2795
train/set-a/136852.txt,104,2879,73,2775
train/set-a/136854.txt,102,2823,75,2721
train/set-a/136856.txt,189,2867,80,2678
train/set-a/136860.txt,9,2829,80,2820
train/set-a/136861.txt,26,2861,65,2835
train/set-a/136864.txt,254,2879,50,2625
train/set-a/136866.txt,16,2811,62,2795
train/set-a/136868.txt,4,2872,74,2868
train/set-a/136869.txt,13,2833,71,2820
train/set-a/136871.txt,10,2845,81,2835
train/set-a/136872.txt,49,2870,51,2821
train/set-a/136873.txt,4,2814,72,2810
train/set-a/136874.txt,92,2837,61,2745
train/set-a/136879.txt,22,2856,79,2834
train/set-a/136880.txt,0,2825,91,2825
train/set-a/136883.txt,828,2838,27,2010
train/set-a/136885.txt,1,2841,59,2840
train/set-a/136886.txt,23,2868,63,2845
train/set-a/136887.txt,18,2879,69,2861
train/set-a/136888.txt,18,2868,63,2850
train/set-a/136889.txt,5,2855,54,2850
train/set-a/136894.txt,28,2849,56,2821
train/set-a/136895.txt,35,2860,75,2825
train/set-a/136897.txt,12,2872,74,2860
train/set-a/136898.txt,21,2865,72,2844
train/set-a/136899.txt,7,2867,100,2860
train/set-a/136906.txt,56,2825,86,2769
train/set-a/136911.txt,109,2739,90,2630
train/set-a/136912.txt,33,2868,60,2835
train/set-a/136914.txt,8,2873,121,2865
train/set-a/136915.txt,3,2853,68,2850
train/set-a/136919.txt,230,2866,66,2636
train/set-a/136920.txt,23,2843,44,2820
train/set-a/136921.txt,315,1669,2,1354
train/set-a/136924.txt,21,2846,61,2825
train/set-a/136929.txt,6,2401,70,2395
train/set-a/136931.txt,5,2855,52,2850
train/set-a/136935.txt,12,2847,67,2835
train/set-a/136938.txt,82,2857,95,2775
train/set-a/136941.txt,79,2839,49,2760
train/set-a/136953.txt,97,2872,85,2775
train/set-a/136963.txt,23,2793,117,2770
train/set-a/136965.txt,135,2835,53,2700
train/set-a/136967.txt,111,2856,54,2745
train/set-a/136969.txt,68,2828,68,2760
train/set-a/136971.txt,9,2829,75,2820
train/set-a/136973.txt,2,2846,63,2844
train/set-a/136975.txt,77,2873,58,2796
train/set-a/136976.txt,39,2879,72,2840
train/set-a/136982.txt,71,2831,51,2760
train/set-a/136983.txt,15,2840,105,2825
train/set-a/136985.txt,334,2824,47,2490
train/set-a/136987.txt,159,2869,76,2710
train/set-a/136992.txt,3,2816,65,2813
train/set-a/136993.txt,49,2824,48,2775
train/set-a/136995.txt,157,2872,51,2715
train/set-a/136996.txt,5,2840,75,2835
train/set-a/136997.txt,42,2862,57,2820
train/set-a/137001.txt,5,2871,98,2866
train/set-a/137003.txt,9,2832,91,2823
train/set-a/137005.txt,195,2865,54,2670
train/set-a/137007.txt,17,2834,74,2817
train/set-a/137008.txt,104,2831,64,2727
train/set-a/137014.txt,58,2818,54,2760
train/set-a/137015.txt,1,2856,77,2855
train/set-a/137018.txt,15,2862,126,2847
train/set-a/137020.txt,60,2880,68,2820
train/set-a/137021.txt,58,2878,52,2820
train/set-a/137022.txt,7,2858,56,2851
train/set-a/137025.txt,33,2830,102,2797
train/set-a/137037.txt,39,2871,59,2832
train/set-a/137038.txt,46,2866,53,2820
train/set-a/137048.txt,113,2843,46,2730
train/set-a/137049.txt,5,2870,77,2865
train/set-a/137053.txt,9,2829,57,2820
train/set-a/137054.txt,39,2856,111,2817
train/set-a/137057.txt,19,2852,57,2833
train/set-a/137058.txt,1,2860,81,2859
train/set-a/137070.txt,54,2834,86,2780
train/set-a/137073.txt,78,2838,53,2760
train/set-a/137076.txt,79,2839,52,2760
train/set-a/137085.txt,11,2831,93,2820
train/set-a/137088.txt,0,2880,89,2880
train/set-a/137093.txt,12,2849,94,2837
train/set-a/137099.txt,10,2825,78,2815
train/set-a/137102.txt,22,2825,89,2803
train/set-a/137106.txt,343,2863,69,2520
train/set-a/137116.txt,54,2874,76,2820
train/set-a/137117.txt,117,2877,72,2760
train/set-a/137118.txt,21,2852,69,2831
train/set-a/137119.txt,21,2841,54,2820
train/set-a/137126.txt,17,2875,104,2858
train/set-a/137136.txt,29,2849,102,2820
train/set-a/137137.txt,31,2868,76,2837
train/set-a/137139.txt,44,2804,52,2760
train/set-a/137141.txt,238,2638,38,2400
train/set-a/137142.txt,38,2858,54,2820
train/set-a/137143.txt,31,2821,67,2790
train/set-a/137144.txt,95,2855,52,2760
train/set-a/137145.txt,70,2845,77,2775
train/set-a/137146.txt,89,2868,80,2779
train/set-a/137152.txt,61,2851,64,2790
train/set-a/137154.txt,18,2868,64,2850
train/set-a/137155.txt,0,2875,92,2875
train/set-a/137157.txt,11,2846,89,2835
train/set-a/137159.txt,18,2838,73,2820
train/set-a/137161.txt,5,2840,71,2835
train/set-a/137162.txt,95,2825,68,2730
train/set-a/137164.txt,52,2872,60,2820
train/set-a/137176.txt,17,2837,63,2820
train/set-a/137177.txt,108,2822,92,2714
train/set-a/137181.txt,11,2826,118,2815
train/set-a/137185.txt,30,2875,78,2845
train/set-a/137188.txt,124,2849,93,2725
train/set-a/137195.txt,11,2846,62,2835
train/set-a/137196.txt,42,2862,58,2820
train/set-a/137197.txt,9,2829,34,2820
train/set-a/137201.txt,10,2830,63,2820
train/set-a/137205.txt,53,2873,55,2820
train/set-a/137208.txt,39,2862,102,2823
train/set-a/137215.txt,57,2859,127,2802
train/set-a/137224.txt,13,2863,61,2850
train/set-a/137226.txt,5,2838,85,2833
train/set-a/137228.txt,67,2827,54,2760
train/set-a/137230.txt,9,2794,82,2785
train/set-a/137233.txt,11,2861,62,2850
train/set-a/137242.txt,5,2870,72,2865
train/set-a/137243.txt,59,2879,80,2820
train/set-a/137245.txt,42,2772,77,2730
train/set-a/137250.txt,2,2822,54,2820
train/set-a/137256.txt,40,2833,92,2793
train/set-a/137258.txt,84,2874,73,2790
train/set-a/137262.txt,4,2867,67,2863
train/set-a/137264.txt,54,2829,66,2775
train/set-a/137268.txt,34,2797,46,2763
train/set-a/137270.txt,6,2858,56,2852
train/set-a/137272.txt,85,2860,54,2775
train/set-a/137274.txt,103,2877,70,2774
train/set-a/137275.txt,16,2836,84,2820
train/set-a/137284.txt,27,2847,53,2820
train/set-a/137285.txt,30,2839,106,2809
train/set-a/137286.txt,119,2864,59,2745
train/set-a/137287.txt,2,2823,74,2821
train/set-a/137292.txt,52,2822,112,2770
train/set-a/137296.txt,103,2878,51,2775
train/set-a/137298.txt,43,2803,64,2760
train/set-a/137300.txt,99,2859,87,2760
train/set-a/137302.txt,8,2850,87,2842
train/set-a/137304.txt,0,2850,59,2850
train/set-a/137305.txt,3,2823,52,2820
train/set-a/137307.txt,22,2842,61,2820
train/set-a/137315.txt,14,2864,88,2850
train/set-a/137316.txt,5,2855,71,2850
train/set-a/137317.txt,45,2856,75,2811
train/set-a/137318.txt,10,2860,96,2850
train/set-a/137321.txt,7,2842,56,2835
train/set-a/137322.txt,27,2858,77,2831
train/set-a/137325.txt,59,2834,73,2775
train/set-a/137326.txt,8,2873,79,2865
train/set-a/137328.txt,14,2864,90,2850
train/set-a/137331.txt,8,2738,48,2730
train/set-a/137332.txt,146,2842,79,2696
train/set-a/137333.txt,10,2845,69,2835
train/set-a/137334.txt,27,2047,4,2020
train/set-a/137335.txt,3,2829,71,2826
train/set-a/137339.txt,51,2871,52,2820
train/set-a/137340.txt,109,2839,83,2730
train/set-a/137341.txt,14,2855,51,2841
train/set-a/137342.txt,64,2843,79,2779
train/set-a/137351.txt,27,2862,99,2835
train/set-a/137357.txt,33,2864,93,2831
train/set-a/137358.txt,9,2853,82,2844
train/set-a/137363.txt,28,2863,112,2835
train/set-a/137364.txt,84,2853,124,2769
train/set-a/137378.txt,30,2848,54,2818
train/set-a/137380.txt,15,2835,53,2820
train/set-a/137396.txt,2,2862,57,2860
train/set-a/137402.txt,109,2869,59,2760
train/set-a/137405.txt,35,2841,67,2806
train/set-a/137406.txt,6,2830,81,2824
train/set-a/137407.txt,4,2824,61,2820
train/set-a/137414.txt,36,2836,116,2800
train/set-a/137419.txt,79,2876,126,2797
train/set-a/137420.txt,68,2862,80,2794
train/set-a/137421.txt,2,2862,72,2860
train/set-a/137424.txt,56,2741,50,2685
train/set-a/137427.txt,24,2854,88,2830
train/set-a/137431.txt,0,2835,74,2835
train/set-a/137432.txt,21,2828,77,2807
train/set-a/137433.txt,32,2852,55,2820
train/set-a/137436.txt,35,2855,55,2820
train/set-a/137438.txt,5,2830,64,2825
train/set-a/137443.txt,6,2796,77,2790
train/set-a/137444.txt,5,2825,50,2820
train/set-a/137445.txt,58,2878,63,2820
train/set-a/137448.txt,32,2852,59,2820
train/set-a/137452.txt,18,2838,81,2820
train/set-a/137453.txt,17,2837,59,2820
train/set-a/137459.txt,24,2871,129,2847
train/set-a/137463.txt,45,2625,63,2580
train/set-a/137464.txt,20,2852,90,2832
train/set-a/137466.txt,1,2823,76,2822
train/set-a/137471.txt,40,2860,64,2820
train/set-a/137475.txt,106,2836,80,2730
train/set-a/137476.txt,28,2873,80,2845
train/set-a/137482.txt,26,2846,83,2820
train/set-a/137485.txt,9,2874,97,2865
train/set-a/137487.txt,46,2836,55,2790
train/set-a/137489.txt,62,2852,67,2790
train/set-a/137493.txt,25,2845,49,2820
train/set-a/137501.txt,62,2869,73,2807
train/set-a/137516.txt,16,2876,166,2860
train/set-a/137517.txt,12,2832,45,2820
train/set-a/137528.txt,8,2831,70,2823
train/set-a/137529.txt,102,2862,101,2760
train/set-a/137531.txt,75,2835,97,2760
train/set-a/137535.txt,17,2837,52,2820
train/set-a/137537.txt,279,2649,50,2370
train/set-a/137542.txt,5,2855,88,2850
train/set-a/137545.txt,3,2842,64,2839
train/set-a/137549.txt,12,2847,61,2835
train/set-a/137556.txt,74,2594,40,2520
train/set-a/137564.txt,56,2876,70,2820
train/set-a/137567.txt,0,2847,67,2847
train/set-a/137568.txt,16,2776,34,2760
train/set-a/137569.txt,1,2868,95,2867
train/set-a/137570.txt,0,2875,74,2875
train/set-a/137576.txt,58,2878,89,2820
train/set-a/137577.txt,32,2852,123,2820
train/set-a/137579.txt,40,2875,66,2835
train/set-a/137581.txt,0,2880,54,2880
train/set-a/137583.txt,35,2855,45,2820
train/set-a/137584.txt,1,2853,107,2852
train/set-a/137586.txt,82,2842,50,2760
train/set-a/137587.txt,69,2874,74,2805
train/set-a/137588.txt,27,2847,75,2820
train/set-a/137589.txt,26,2875,100,2849
train/set-a/137590.txt,4,2869,114,2865
train/set-a/137593.txt,25,2860,96,2835
train/set-a/137594.txt,40,2860,51,2820
train/set-a/137595.txt,54,2861,109,2807
train/set-a/137598.txt,178,2878,64,2700
train/set-a/137600.txt,124,2824,75,2700
train/set-a/137602.txt,10,2830,79,2820
train/set-a/137604.txt,4,2854,56,2850
train/set-a/137609.txt,74,2879,51,2805
train/set-a/137619.txt,37,2822,103,2785
train/set-a/137624.txt,69,2859,51,2790
train/set-a/137626.txt,99,2829,66,2730
train/set-a/137627.txt,21,2861,94,2840
train/set-a/137628.txt,22,2847,66,2825
train/set-a/137630.txt,6,2826,70,2820
train/set-a/137631.txt,8,2718,45,2710
train/set-a/137636.txt,34,2858,104,2824
train/set-a/137637.txt,6,2811,62,2805
train/set-a/137640.txt,111,2871,54,2760
train/set-a/137642.txt,27,2854,109,2827
train/set-a/137643.txt,21,2841,69,2820
train/set-a/137648.txt,35,2855,101,2820
train/set-a/137649.txt,38,2867,95,2829
train/set-a/137657.txt,20,2870,83,2850
train/set-a/137658.txt,13,2830,79,2817
train/set-a/137661.txt,32,2807,54,2775
train/set-a/137669.txt,41,2831,70,2790
train/set-a/137671.txt,54,2874,77,2820
train/set-a/137674.txt,11,2851,97,2840
train/set-a/137675.txt,5,2825,54,2820
train/set-a/137678.txt,1,2866,84,2865
train/set-a/137679.txt,5,2870,89,2865
train/set-a/137680.txt,4,2869,61,2865
train/set-a/137688.txt,9,2844,50,2835
train/set-a/137691.txt,42,2838,98,2796
train/set-a/137692.txt,5,2845,63,2840
train/set-a/137695.txt,17,2840,71,2823
train/set-a/137698.txt,71,2831,82,2760
train/set-a/137699.txt,67,2830,78,2763
train/set-a/137707.txt,19,2853,86,2834
train/set-a/137710.txt,1,2861,110,2860
train/set-a/137713.txt,19,2839,55,2820
train/set-a/137716.txt,25,2845,55,2820
train/set-a/137719.txt,3,2861,79,2858
train/set-a/137721.txt,43,2863,76,2820
train/set-a/137729.txt,4,2879,77,2875
train/set-a/137730.txt,19,2839,86,2820
train/set-a/137731.txt,2,2822,75,2820
train/set-a/137733.txt,83,2843,75,2760
train/set-a/137740.txt,48,2868,115,2820
train/set-a/137741.txt,29,2634,64,2605
train/set-a/137743.txt,80,2840,65,2760
train/set-a/137745.txt,31,2851,85,2820
train/set-a/137746.txt,61,2761,47,2700
train/set-a/137747.txt,43,2878,107,2835
train/set-a/137750.txt,6,2856,57,2850
train/set-a/137751.txt,69,2864,67,2795
train/set-a/137755.txt,16,2861,116,2845
train/set-a/137756.txt,4,2824,58,2820
train/set-a/137763.txt,32,2852,59,2820
train/set-a/137764.txt,12,2832,77,2820
train/set-a/137765.txt,9,2769,48,2760
train/set-a/137766.txt,5,2845,62,2840
train/set-a/137769.txt,116,2864,21,2748
train/set-a/137771.txt,39,2874,86,2835
train/set-a/137775.txt,1,2848,83,2847
train/set-a/137779.txt,9,2829,88,2820
train/set-a/137781.txt,56,2871,101,2815
train/set-a/137785.txt,62,2826,100,2764
train/set-a/137789.txt,7,2842,64,2835
train/set-a/137791.txt,15,2775,56,2760
train/set-a/137793.txt,7,2867,95,2860
train/set-a/137798.txt,146,2876,65,2730
train/set-a/137799.txt,6,2774,60,2768
train/set-a/137800.txt,12,2772,59,2760
train/set-a/137802.txt,94,2878,125,2784
train/set-a/137803.txt,42,2802,45,2760
train/set-a/137806.txt,50,2855,81,2805
train/set-a/137807.txt,141,2856,54,2715
train/set-a/137810.txt,36,2856,73,2820
train/set-a/137813.txt,6,2841,57,2835
train/set-a/137820.txt,24,2851,94,2827
train/set-a/137823.txt,6,2826,78,2820
train/set-a/137824.txt,1,2821,118,2820
train/set-a/137826.txt,36,2796,56,2760
train/set-a/137828.txt,131,2846,73,2715
train/set-a/137835.txt,5,2825,80,2820
train/set-a/137840.txt,20,2834,69,2814
train/set-a/137842.txt,62,2822,60,2760
train/set-a/137845.txt,43,2878,80,2835
train/set-a/137846.txt,13,2833,73,2820
train/set-a/137849.txt,114,2874,58,2760
train/set-a/137850.txt,231,2528,4,2297
train/set-a/137855.txt,21,2857,88,2836
train/set-a/137856.txt,2,2867,76,2865
train/set-a/137857.txt,13,2833,48,2820
train/set-a/137860.txt,83,2876,78,2793
train/set-a/137867.txt,145,2875,80,2730
train/set-a/137868.txt,84,2874,70,2790
train/set-a/137871.txt,104,2834,62,2730
train/set-a/137877.txt,3,2819,66,2816
train/set-a/137881.txt,32,2858,62,2826
train/set-a/137888.txt,2,2827,58,2825
train/set-a/137891.txt,7,2857,62,2850
train/set-a/137892.txt,5,2855,56,2850
train/set-a/137897.txt,6,2826,60,2820
train/set-a/137903.txt,61,2821,71,2760
train/set-a/137904.txt,1,2859,53,2858
train/set-a/137911.txt,14,2876,106,2862
train/set-a/137914.txt,28,2848,56,2820
train/set-a/137918.txt,51,2871,55,2820
train/set-a/137920.txt,94,2794,43,2700
train/set-a/137921.txt,76,2393,9,2317
train/set-a/137923.txt,46,2841,64,2795
train/set-a/137927.txt,35,2855,115,2820
train/set-a/137928.txt,89,2841,7,2752
train/set-a/137931.txt,6,2826,79,2820
train/set-a/137934.txt,28,2863,72,2835
train/set-a/137937.txt,89,2858,84,2769
train/set-a/137938.txt,13,2863,89,2850
train/set-a/137950.txt,17,2857,66,2840
train/set-a/137960.txt,10,2869,115,2859
train/set-a/137963.txt,61,2821,50,2760
train/set-a/137971.txt,109,2826,81,2717
train/set-a/137972.txt,8,2828,86,2820
train/set-a/137973.txt,5,2825,72,2820
train/set-a/137979.txt,91,2814,38,2723
train/set-a/137985.txt,3,2823,64,2820
train/set-a/137986.txt,25,2844,113,2819
train/set-a/137989.txt,29,2849,54,2820
train/set-a/137994.txt,2,2852,109,2850
train/set-a/137996.txt,6,2873,152,2867
train/set-a/137999.txt,104,2804,60,2700
train/set-a/138005.txt,51,2865,119,2814
train/set-a/138007.txt,21,2871,51,2850
train/set-a/138010.txt,93,2853,50,2760
train/set-a/138014.txt,66,2826,81,2760
train/set-a/138015.txt,12,2862,85,2850
train/set-a/138017.txt,47,2821,80,2774
train/set-a/138019.txt,1,2866,107,2865
train/set-a/138020.txt,29,2864,82,2835
train/set-a/138021.txt,52,2872,55,2820
train/set-a/138035.txt,97,2869,107,2772
train/set-a/138038.txt,134,2834,48,2700
train/set-a/138040.txt,8,2873,67,2865
train/set-a/138042.txt,93,2853,56,2760
train/set-a/138043.txt,86,2876,70,2790
train/set-a/138045.txt,8,2873,62,2865
train/set-a/138051.txt,282,2853,18,2571
train/set-a/138052.txt,37,2857,82,2820
train/set-a/138057.txt,44,2864,51,2820
train/set-a/138058.txt,5,2857,68,2852
train/set-a/138061.txt,20,2810,96,2790
train/set-a/138062.txt,55,2875,53,2820
train/set-a/138065.txt,5,2825,60,2820
train/set-a/138066.txt,6,2856,54,2850
train/set-a/138068.txt,5,2730,50,2725
train/set-a/138070.txt,7,2841,75,2834
train/set-a/138072.txt,41,2771,47,2730
train/set-a/138073.txt,258,2868,55,2610
train/set-a/138077.txt,19,2866,130,2847
train/set-a/138079.txt,75,2855,78,2780
train/set-a/138081.txt,103,2803,20,2700
train/set-a/138088.txt,3,2838,73,2835
train/set-a/138089.txt,20,2870,82,2850
train/set-a/138093.txt,61,2821,73,2760
train/set-a/138095.txt,35,2804,70,2769
train/set-a/138096.txt,68,2826,82,2758
train/set-a/138108.txt,79,2839,72,2760
train/set-a/138117.txt,16,2836,77,2820
train/set-a/138121.txt,189,2860,74,2671
train/set-a/138123.txt,81,2826,90,2745
train/set-a/138129.txt,5,2863,85,2858
train/set-a/138134.txt,109,2869,102,2760
train/set-a/138138.txt,107,2837,75,2730
train/set-a/138140.txt,7,2872,96,2865
train/set-a/138141.txt,34,2824,71,2790
train/set-a/138142.txt,64,2704,35,2640
train/set-a/138144.txt,10,2854,82,2844
train/set-a/138164.txt,67,2801,68,2734
train/set-a/138166.txt,9,2829,63,2820
train/set-a/138169.txt,10,2830,44,2820
train/set-a/138171.txt,35,2879,57,2844
train/set-a/138172.txt,11,2861,63,2850
train/set-a/138179.txt,109,2839,62,2730
train/set-a/138180.txt,51,2871,50,2820
train/set-a/138182.txt,119,2879,92,2760
train/set-a/138183.txt,160,2785,54,2625
train/set-a/138184.txt,65,2815,60,2750
train/set-a/138187.txt,12,2832,46,2820
train/set-a/138192.txt,4,2866,86,2862
train/set-a/138193.txt,44,2856,76,2812
train/set-a/138196.txt,11,2876,65,2865
train/set-a/138197.txt,49,2874,65,2825
train/set-a/138198.txt,19,2839,53,2820
train/set-a/138203.txt,13,2871,105,2858
train/set-a/138205.txt,180,2869,106,2689
train/set-a/138210.txt,51,2874,82,2823
train/set-a/138218.txt,7,2842,85,2835
train/set-a/138221.txt,1,2826,135,2825
train/set-a/138225.txt,0,2835,54,2835
train/set-a/138226.txt,36,2828,130,2792
train/set-a/138227.txt,70,2866,97,2796
train/set-a/138228.txt,70,2830,49,2760
train/set-a/138239.txt,5,2853,91,2848
train/set-a/138241.txt,32,2870,84,2838
train/set-a/138244.txt,19,2820,58,2801
train/set-a/138246.txt,29,2849,57,2820
train/set-a/138248.txt,3,2868,60,2865
train/set-a/138249.txt,59,2873,62,2814
train/set-a/138251.txt,38,2835,69,2797
train/set-a/138253.txt,32,2868,100,2836
train/set-a/138254.txt,3,2873,90,2870
train/set-a/138255.txt,14,2853,51,2839
train/set-a/138256.txt,29,2817,80,2788
train/set-a/138257.txt,8,2876,80,2868
train/set-a/138260.txt,43,2863,99,2820
train/set-a/138261.txt,20,2840,57,2820
train/set-a/138262.txt,164,2879,86,2715
train/set-a/138264.txt,60,2880,74,2820
train/set-a/138268.txt,68,2872,71,2804
train/set-a/138269.txt,827,2455,3,1628
train/set-a/138270.txt,48,2870,117,2822
train/set-a/138280.txt,8,2843,102,2835
train/set-a/138284.txt,155,2845,65,2690
train/set-a/138286.txt,47,2822,78,2775
train/set-a/138287.txt,84,2814,50,2730
train/set-a/138292.txt,94,2867,68,2773
train/set-a/138293.txt,15,2835,79,2820
train/set-a/138298.txt,32,2867,107,2835
train/set-a/138302.txt,1,2866,93,2865
train/set-a/138303.txt,172,2872,71,2700
train/set-a/138310.txt,18,2868,112,2850
train/set-a/138318.txt,64,2824,60,2760
train/set-a/138319.txt,43,2872,91,2829
train/set-a/138320.txt,20,2840,46,2820
train/set-a/138322.txt,9,2838,98,2829
train/set-a/138325.txt,45,2865,62,2820
train/set-a/138328.txt,91,2851,47,2760
train/set-a/138329.txt,29,2878,101,2849
train/set-a/138331.txt,88,2788,47,2700
train/set-a/138332.txt,32,2875,125,2843
train/set-a/138336.txt,10,2852,59,2842
train/set-a/138340.txt,60,2880,57,2820
train/set-a/138342.txt,14,2834,57,2820
train/set-a/138343.txt,28,2878,58,2850
train/set-a/138344.txt,23,2841,79,2818
train/set-a/138349.txt,85,2875,59,2790
train/set-a/138350.txt,5,2825,50,2820
train/set-a/138353.txt,16,2858,64,2842
train/set-a/138357.txt,62,2822,65,2760
train/set-a/138358.txt,33,2823,52,2790
train/set-a/138363.txt,30,2880,52,2850
train/set-a/138364.txt,9,2845,113,2836
train/set-a/138369.txt,23,2873,76,2850
train/set-a/138373.txt,48,2868,77,2820
train/set-a/138375.txt,45,2873,58,2828
train/set-a/138378.txt,9,2874,70,2865
train/set-a/138380.txt,1,2821,81,2820
train/set-a/138383.txt,36,2841,51,2805
train/set-a/138384.txt,4,2864,85,2860
train/set-a/138387.txt,11,2861,76,2850
train/set-a/138390.txt,64,2824,119,2760
train/set-a/138391.txt,16,2856,84,2840
train/set-a/138397.txt,34,2854,74,2820
train/set-a/138402.txt,131,2861,58,2730
train/set-a/138404.txt,36,2321,36,2285
train/set-a/138409.txt,116,2846,55,2730
train/set-a/138411.txt,13,2851,85,2838
train/set-a/138418.txt,5,2870,83,2865
train/set-a/138420.txt,97,2840,72,2743
train/set-a/138421.txt,39,2823,86,2784
train/set-a/138424.txt,40,2830,70,2790
train/set-a/138426.txt,2,2877,68,2875
train/set-a/138429.txt,47,2552,6,2505
train/set-a/138432.txt,192,2832,67,2640
train/set-a/138435.txt,6,2846,67,2840
train/set-a/138436.txt,25,2870,103,2845
train/set-a/138444.txt,2,2847,74,2845
train/set-a/138451.txt,59,2834,60,2775
train/set-a/138452.txt,19,2869,98,2850
train/set-a/138459.txt,41,2861,71,2820
train/set-a/138466.txt,88,2623,52,2535
train/set-a/138467.txt,5,2860,67,2855
train/set-a/138470.txt,122,2547,54,2425
train/set-a/138471.txt,7,2865,81,2858
train/set-a/138472.txt,63,2834,103,2771
train/set-a/138476.txt,17,2879,68,2862
train/set-a/138477.txt,550,550,1,0
train/set-a/138480.txt,1,2864,55,2863
train/set-a/138482.txt,32,2852,72,2820
train/set-a/138485.txt,14,2864,67,2850
train/set-a/138486.txt,2,2862,95,2860
train/set-a/138490.txt,13,2878,62,2865
train/set-a/138491.txt,1,2853,74,2852
train/set-a/138493.txt,21,2836,69,2815
train/set-a/138494.txt,278,2862,82,2584
train/set-a/138495.txt,11,2825,67,2814
train/set-a/138496.txt,3,2868,51,2865
train/set-a/138498.txt,41,2801,82,2760
train/set-a/138500.txt,49,2848,111,2799
train/set-a/138505.txt,20,2840,48,2820
train/set-a/138506.txt,8,2828,76,2820
train/set-a/138511.txt,74,2849,53,2775
train/set-a/138518.txt,20,2871,82,2851
train/set-a/138522.txt,128,2843,69,2715
train/set-a/138523.txt,12,2862,105,2850
train/set-a/138524.txt,142,2812,66,2670
train/set-a/138525.txt,15,2835,58,2820
train/set-a/138526.txt,11,2861,92,2850
train/set-a/138527.txt,863,2263,14,1400
train/set-a/138528.txt,55,2875,57,2820
train/set-a/138530.txt,4,2869,148,2865
train/set-a/138532.txt,25,2879,48,2854
train/set-a/138535.txt,50,2825,74,2775
train/set-a/138543.txt,12,2862,108,2850
train/set-a/138545.txt,3,2853,57,2850
train/set-a/138551.txt,15,2835,62,2820
train/set-a/138554.txt,39,2859,59,2820
train/set-a/138558.txt,111,2841,47,2730
train/set-a/138563.txt,47,2852,63,2805
train/set-a/138570.txt,27,2848,92,2821
train/set-a/138573.txt,25,2875,62,2850
train/set-a/138581.txt,72,2869,70,2797
train/set-a/138583.txt,101,2832,59,2731
train/set-a/138586.txt,7,2872,104,2865
train/set-a/138592.txt,0,2850,83,2850
train/set-a/138595.txt,27,2847,62,2820
train/set-a/138602.txt,63,2823,69,2760
train/set-a/138603.txt,5,2840,58,2835
train/set-a/138604.txt,7,2767,50,2760
train/set-a/138605.txt,14,2846,58,2832
train/set-a/138607.txt,38,2873,56,2835
train/set-a/138608.txt,8,2777,66,2769
train/set-a/138616.txt,58,2878,94,2820
train/set-a/138617.txt,74,2840,76,2766
train/set-a/138619.txt,259,2854,87,2595
train/set-a/138621.txt,38,2845,79,2807
train/set-a/138631.txt,15,2830,92,2815
train/set-a/138632.txt,113,2873,121,2760
train/set-a/138633.txt,227,2867,45,2640
train/set-a/138638.txt,124,2830,79,2706
train/set-a/138643.txt,54,2874,66,2820
train/set-a/138647.txt,66,2844,110,2778
train/set-a/138649.txt,83,2843,53,2760
train/set-a/138652.txt,8,2858,57,2850
train/set-a/138655.txt,10,2843,89,2833
train/set-a/138658.txt,0,2844,102,2844
train/set-a/138660.txt,31,2821,72,2790
train/set-a/138665.txt,11,2861,67,2850
train/set-a/138667.txt,360,2871,106,2511
train/set-a/138669.txt,8,2858,63,2850
train/set-a/138671.txt,12,2847,62,2835
train/set-a/138673.txt,19,2869,57,2850
train/set-a/138679.txt,52,2872,50,2820
train/set-a/138682.txt,152,2847,74,2695
train/set-a/138686.txt,5,2870,81,2865
train/set-a/138687.txt,121,2821,44,2700
train/set-a/138691.txt,126,2826,75,2700
train/set-a/138692.txt,15,2865,57,2850
train/set-a/138693.txt,38,2858,67,2820
train/set-a/138698.txt,136,2821,57,2685
train/set-a/138699.txt,25,2855,94,2830
train/set-a/138701.txt,91,2854,100,2763
train/set-a/138702.txt,22,2875,99,2853
train/set-a/138703.txt,65,2870,73,2805
train/set-a/138704.txt,20,2821,62,2801
train/set-a/138711.txt,13,2878,63,2865
train/set-a/138712.txt,8,2536,58,2528
train/set-a/138713.txt,59,2879,83,2820
train/set-a/138716.txt,6,2870,90,2864
train/set-a/138722.txt,14,2864,114,2850
train/set-a/138724.txt,47,2867,57,2820
train/set-a/138725.txt,59,2834,99,2775
train/set-a/138726.txt,46,2866,59,2820
train/set-a/138728.txt,162,2832,93,2670
train/set-a/138729.txt,80,2870,55,2790
train/set-a/138730.txt,49,2869,55,2820
train/set-a/138736.txt,53,2843,60,2790
train/set-a/138741.txt,4,2869,96,2865
train/set-a/138745.txt,13,2878,83,2865
train/set-a/138748.txt,28,2866,85,2838
train/set-a/138752.txt,7,2841,99,2834
train/set-a/138754.txt,0,2865,37,2865
train/set-a/138755.txt,25,2836,68,2811
train/set-a/138759.txt,91,2852,93,2761
train/set-a/138760.txt,14,2852,75,2838
train/set-a/138761.txt,20,2848,67,2828
train/set-a/138762.txt,151,2851,75,2700
train/set-a/138764.txt,8,2828,80,2820
train/set-a/138766.txt,25,2875,58,2850
train/set-a/138767.txt,5,2870,52,2865
train/set-a/138771.txt,2,2860,120,2858
train/set-a/138772.txt,32,2856,74,2824
train/set-a/138776.txt,51,2840,100,2789
train/set-a/138778.txt,72,2832,81,2760
train/set-a/138779.txt,106,2866,23,2760
train/set-a/138781.txt,72,2832,56,2760
train/set-a/138786.txt,7,2872,132,2865
train/set-a/138788.txt,18,2838,96,2820
train/set-a/138790.txt,50,2848,81,2798
train/set-a/138793.txt,17,2846,78,2829
train/set-a/138801.txt,94,2869,86,2775
train/set-a/138811.txt,0,2878,77,2878
train/set-a/138812.txt,8,2866,66,2858
train/set-a/138815.txt,21,2841,82,2820
train/set-a/138816.txt,63,2838,71,2775
train/set-a/138817.txt,16,2876,68,2860
train/set-a/138821.txt,42,2851,80,2809
train/set-a/138829.txt,154,2879,73,2725
train/set-a/138830.txt,4,2833,74,2829
train/set-a/138835.txt,39,2859,41,2820
train/set-a/138841.txt,9,2800,80,2791
train/set-a/138848.txt,23,2873,55,2850
train/set-a/138850.txt,18,2832,113,2814
train/set-a/138851.txt,6,2862,66,2856
train/set-a/138853.txt,75,2880,103,2805
train/set-a/138857.txt,81,2841,33,2760
train/set-a/138861.txt,46,2866,58,2820
train/set-a/138863.txt,73,2833,36,2760
train/set-a/138869.txt,54,2874,97,2820
train/set-a/138870.txt,44,2804,55,2760
train/set-a/138882.txt,5,2825,53,2820
train/set-a/138885.txt,8,2828,90,2820
train/set-a/138889.txt,102,2863,81,2761
train/set-a/138891.txt,18,2853,86,2835
train/set-a/138895.txt,0,2850,83,2850
train/set-a/138905.txt,87,2865,93,2778
train/set-a/138907.txt,7,2876,79,2869
train/set-a/138915.txt,126,2841,83,2715
train/set-a/138918.txt,86,2848,100,2762
train/set-a/138922.txt,119,2874,77,2755
train/set-a/138923.txt,11,2831,69,2820
train/set-a/138926.txt,1165,2862,52,1697
train/set-a/138928.txt,71,2860,91,2789
train/set-a/138934.txt,97,2843,106,2746
train/set-a/138935.txt,9,2859,64,2850
train/set-a/138937.txt,230,2863,81,2633
train/set-a/138945.txt,33,2876,111,2843
train/set-a/138953.txt,74,2864,74,2790
train/set-a/138955.txt,3,2870,103,2867
train/set-a/138956.txt,5,2825,47,2820
train/set-a/138957.txt,202,2872,49,2670
train/set-a/138961.txt,82,2857,67,2775
train/set-a/138963.txt,161,2861,48,2700
train/set-a/138964.txt,4,2866,73,2862
train/set-a/138966.txt,35,2877,57,2842
train/set-a/138969.txt,6,2841,82,2835
train/set-a/138972.txt,60,2850,56,2790
train/set-a/138975.txt,35,2818,42,2783
train/set-a/138980.txt,4,2869,91,2865
train/set-a/138981.txt,35,2880,62,2845
train/set-a/138983.txt,20,2875,73,2855
train/set-a/138989.txt,9,2859,76,2850
train/set-a/138993.txt,1,2858,117,2857
train/set-a/138994.txt,74,2873,54,2799
train/set-a/138996.txt,10,2857,85,2847
train/set-a/138997.txt,22,2842,57,2820
train/set-a/138998.txt,31,2836,77,2805
train/set-a/139001.txt,39,2856,64,2817
train/set-a/139007.txt,72,2877,110,2805
train/set-a/139009.txt,640,2775,33,2135
train/set-a/139010.txt,5,2841,82,2836
train/set-a/139016.txt,55,2875,56,2820
train/set-a/139018.txt,91,2791,74,2700
train/set-a/139019.txt,22,2857,74,2835
train/set-a/139022.txt,125,2855,97,2730
train/set-a/139023.txt,37,2857,80,2820
train/set-a/139030.txt,37,2854,159,2817
train/set-a/139039.txt,133,2848,73,2715
train/set-a/139045.txt,197,1687,22,1490
train/set-a/139047.txt,17,2862,111,2845
train/set-a/139058.txt,56,2876,74,2820
train/set-a/139061.txt,89,2879,87,2790
train/set-a/139062.txt,32,2861,91,2829
train/set-a/139068.txt,14,2654,52,2640
train/set-a/139070.txt,26,2863,67,2837
train/set-a/139073.txt,35,2825,63,2790
train/set-a/139075.txt,47,2867,58,2820
train/set-a/139077.txt,63,2823,49,2760
train/set-a/139079.txt,13,2853,68,2840
train/set-a/139082.txt,6,2826,71,2820
train/set-a/139086.txt,6,2871,62,2865
train/set-a/139090.txt,6,2856,63,2850
train/set-a/139093.txt,81,2871,71,2790
train/set-a/139096.txt,59,2849,93,2790
train/set-a/139098.txt,88,2863,58,2775
train/set-a/139099.txt,21,2853,62,2832
train/set-a/139101.txt,21,2841,51,2820
train/set-a/139102.txt,109,2869,55,2760
train/set-a/139104.txt,19,2839,49,2820
train/set-a/139110.txt,7,2797,61,2790
train/set-a/139111.txt,23,2836,104,2813
train/set-a/139112.txt,122,2828,90,2706
train/set-a/139113.txt,113,2873,36,2760
train/set-a/139119.txt,37,2869,71,2832
train/set-a/139121.txt,39,2859,88,2820
train/set-a/139122.txt,10,2815,59,2805
train/set-a/139125.txt,116,2876,91,2760
train/set-a/139126.txt,62,2822,41,2760
train/set-a/139130.txt,63,723,13,660
train/set-a/139131.txt,26,2846,61,2820
train/set-a/139133.txt,4,2793,59,2789
train/set-a/139134.txt,23,2843,92,2820
train/set-a/139136.txt,3,2788,58,2785
train/set-a/139143.txt,12,2772,48,2760
train/set-a/139147.txt,52,2732,91,2680
train/set-a/139150.txt,25,2875,75,2850
train/set-a/139152.txt,49,2858,85,2809
train/set-a/139153.txt,36,2856,57,2820
train/set-a/139154.txt,19,2839,57,2820
train/set-a/139155.txt,5,2833,119,2828
train/set-a/139156.txt,51,2841,75,2790
train/set-a/139157.txt,3,2863,102,2860
train/set-a/139158.txt,1,2821,51,2820
train/set-a/139159.txt,9,2859,76,2850
train/set-a/139163.txt,10,2860,97,2850
train/set-a/139164.txt,2,2854,95,2852
train/set-a/139165.txt,208,2848,42,2640
train/set-a/139166.txt,75,2835,52,2760
train/set-a/139169.txt,9,2849,92,2840
train/set-a/139173.txt,26,2876,131,2850
train/set-a/139179.txt,110,2850,80,2740
train/set-a/139180.txt,88,2803,48,2715
train/set-a/139181.txt,20,2860,79,2840
train/set-a/139182.txt,18,2868,80,2850
train/set-a/139184.txt,9,2875,72,2866
train/set-a/139188.txt,14,2834,55,2820
train/set-a/139192.txt,66,2863,80,2797
train/set-a/139193.txt,28,2867,51,2839
train/set-a/139197.txt,98,2858,68,2760
train/set-a/139199.txt,41,2867,52,2826
train/set-a/139214.txt,4,2861,50,2857
train/set-a/139216.txt,17,2867,60,2850
train/set-a/139223.txt,91,2833,70,2742
train/set-a/139227.txt,0,2880,63,2880
train/set-a/139229.txt,22,2858,94,2836
train/set-a/139231.txt,22,2871,109,2849
train/set-a/139232.txt,14,2879,57,2865
train/set-a/139235.txt,93,2868,57,2775
train/set-a/139236.txt,33,2853,81,2820
train/set-a/139239.txt,1,2816,57,2815
train/set-a/139241.txt,55,2873,82,2818
train/set-a/139244.txt,63,2850,56,2787
train/set-a/139255.txt,134,2867,74,2733
train/set-a/139257.txt,25,2854,83,2829
train/set-a/139259.txt,32,2852,68,2820
train/set-a/139263.txt,28,2801,59,2773
train/set-a/139267.txt,15,2880,84,2865
train/set-a/139275.txt,9,2829,60,2820
train/set-a/139280.txt,31,2845,60,2814
train/set-a/139284.txt,219,2621,4,2402
train/set-a/139289.txt,38,2873,80,2835
train/set-a/139291.txt,7,2840,100,2833
train/set-a/139292.txt,30,2870,58,2840
train/set-a/139293.txt,11,2831,61,2820
train/set-a/139294.txt,14,2879,87,2865
train/set-a/139295.txt,82,2866,92,2784
train/set-a/139296.txt,202,2880,94,2678
train/set-a/139301.txt,32,2852,61,2820
train/set-a/139308.txt,59,2879,74,2820
train/set-a/139310.txt,20,2872,72,2852
train/set-a/139313.txt,30,2848,77,2818
train/set-a/139317.txt,321,2841,53,2520
train/set-a/139319.txt,74,2864,94,2790
train/set-a/139322.txt,101,2861,38,2760
train/set-a/139323.txt,20,2875,106,2855
train/set-a/139328.txt,22,2772,51,2750
train/set-a/139330.txt,97,2857,53,2760
train/set-a/139342.txt,454,2825,46,2371
train/set-a/139354.txt,6,2871,59,2865
train/set-a/139355.txt,48,2855,109,2807
train/set-a/139358.txt,62,2822,86,2760
train/set-a/139365.txt,45,2865,50,2820
train/set-a/139367.txt,46,2877,117,2831
train/set-a/139368.txt,32,2875,102,2843
train/set-a/139371.txt,103,2859,94,2756
train/set-a/139372.txt,1,2796,59,2795
train/set-a/139375.txt,4,2852,79,2848
train/set-a/139376.txt,3,2873,116,2870
train/set-a/139379.txt,38,2860,73,2822
train/set-a/139380.txt,17,2837,46,2820
train/set-a/139385.txt,367,2267,8,1900
train/set-a/139390.txt,0,2825,68,2825
train/set-a/139391.txt,13,2878,80,2865
train/set-a/139393.txt,7,2827,71,2820
train/set-a/139394.txt,29,2864,77,2835
train/set-a/139396.txt,9,2856,116,2847
train/set-a/139397.txt,92,2869,74,2777
train/set-a/139400.txt,68,2866,128,2798
train/set-a/139402.txt,3,2858,108,2855
train/set-a/139403.txt,1,2821,53,2820
train/set-a/139404.txt,4,2854,53,2850
train/set-a/139405.txt,21,2844,89,2823
train/set-a/139413.txt,23,2873,69,2850
train/set-a/139418.txt,2,2862,85,2860
train/set-a/139420.txt,121,2701,51,2580
train/set-a/139421.txt,13,2848,102,2835
train/set-a/139427.txt,14,2866,94,2852
train/set-a/139430.txt,12,2832,60,2820
train/set-a/139431.txt,89,2849,46,2760
train/set-a/139433.txt,28,2863,103,2835
train/set-a/139435.txt,35,2835,79,2800
train/set-a/139438.txt,42,2847,73,2805
train/set-a/139441.txt,95,2836,103,2741
train/set-a/139443.txt,34,2877,134,2843
train/set-a/139444.txt,77,2878,115,2801
train/set-a/139447.txt,0,2862,71,2862
train/set-a/139448.txt,10,2880,99,2870
train/set-a/139452.txt,28,2839,51,2811
train/set-a/139453.txt,158,2858,54,2700
train/set-a/139456.txt,110,2830,58,2720
train/set-a/139463.txt,68,2858,46,2790
train/set-a/139464.txt,47,2867,70,2820
train/set-a/139466.txt,3,2878,90,2875
train/set-a/139469.txt,6,2856,74,2850
train/set-a/139473.txt,86,2835,63,2749
train/set-a/139475.txt,143,2843,76,2700
train/set-a/139477.txt,132,2880,129,2748
train/set-a/139478.txt,2,2672,75,2670
train/set-a/139482.txt,1,2851,71,2850
train/set-a/139487.txt,14,2868,152,2854
train/set-a/139492.txt,30,2760,42,2730
train/set-a/139496.txt,48,2803,65,2755
train/set-a/139497.txt,74,2849,132,2775
train/set-a/139501.txt,38,2858,52,2820
train/set-a/139502.txt,22,2812,63,2790
train/set-a/139506.txt,5,2845,73,2840
train/set-a/139507.txt,300,2521,4,2221
train/set-a/139509.txt,18,2868,59,2850
train/set-a/139511.txt,58,2878,48,2820
train/set-a/139514.txt,120,2880,76,2760
train/set-a/139515.txt,31,2851,64,2820
train/set-a/139516.txt,68,2768,49,2700
train/set-a/139518.txt,25,2875,85,2850
train/set-a/139520.txt,65,2854,62,2789
train/set-a/139529.txt,4,2824,61,2820
train/set-a/139533.txt,2,2832,84,2830
train/set-a/139536.txt,9,2830,96,2821
train/set-a/139541.txt,15,2830,81,2815
train/set-a/139544.txt,50,2840,73,2790
train/set-a/139545.txt,5,2825,59,2820
train/set-a/139547.txt,5,2840,68,2835
train/set-a/139550.txt,49,2851,108,2802
train/set-a/139554.txt,16,2855,77,2839
train/set-a/139556.txt,31,2791,53,2760
train/set-a/139559.txt,196,2836,86,2640
train/set-a/139560.txt,33,2836,79,2803
train/set-a/139573.txt,63,2823,71,2760
train/set-a/139579.txt,39,2859,54,2820
train/set-a/139583.txt,30,2850,48,2820
train/set-a/139587.txt,18,2838,72,2820
train/set-a/139589.txt,252,2877,65,2625
train/set-a/139596.txt,14,944,16,930
train/set-a/139604.txt,3,2868,82,2865
train/set-a/139605.txt,78,2868,113,2790
train/set-a/139608.txt,1,2866,60,2865
train/set-a/139609.txt,0,2860,110,2860
train/set-a/139610.txt,259,2877,53,2618
train/set-a/139611.txt,22,2872,58,2850
train/set-a/139613.txt,22,2877,106,2855
train/set-a/139616.txt,8,2847,88,2839
train/set-a/139624.txt,80,2840,67,2760
train/set-a/139626.txt,6,2826,54,2820
train/set-a/139629.txt,19,2839,51,2820
train/set-a/139632.txt,10,2855,57,2845
train/set-a/139633.txt,17,2822,82,2805
train/set-a/139636.txt,100,2879,86,2779
train/set-a/139637.txt,23,2843,72,2820
train/set-a/139641.txt,1,2851,83,2850
train/set-a/139643.txt,47,2842,111,2795
train/set-a/139644.txt,61,2821,50,2760
train/set-a/139647.txt,14,2864,64,2850
train/set-a/139649.txt,136,2821,66,2685
train/set-a/139651.txt,27,2847,98,2820
train/set-a/139654.txt,9,2844,68,2835
train/set-a/139655.txt,48,2877,73,2829
train/set-a/139659.txt,15,2865,47,2850
train/set-a/139661.txt,48,2868,58,2820
train/set-a/139664.txt,57,2847,53,2790
train/set-a/139665.txt,6,2856,68,2850
train/set-a/139666.txt,10,2860,105,2850
train/set-a/139668.txt,20,2870,159,2850
train/set-a/139670.txt,6,2876,83,2870
train/set-a/139671.txt,73,2863,62,2790
train/set-a/139673.txt,32,2876,92,2844
train/set-a/139674.txt,22,2857,68,2835
train/set-a/139677.txt,40,2865,76,2825
train/set-a/139682.txt,10,2860,91,2850
train/set-a/139687.txt,49,2869,48,2820
train/set-a/139689.txt,160,2830,47,2670
train/set-a/139691.txt,4,2869,62,2865
train/set-a/139693.txt,5,2825,63,2820
train/set-a/139695.txt,5,2825,72,2820
train/set-a/139698.txt,76,2821,54,2745
train/set-a/139700.txt,69,2880,80,2811
train/set-a/139703.txt,48,2823,47,2775
train/set-a/139715.txt,16,2836,102,2820
train/set-a/139719.txt,76,2836,66,2760
train/set-a/139720.txt,6,2831,77,2825
train/set-a/139722.txt,5,2840,101,2835
train/set-a/139723.txt,43,2863,57,2820
train/set-a/139726.txt,69,2829,103,2760
train/set-a/139729.txt,24,2862,71,2838
train/set-a/139733.txt,12,2862,68,2850
train/set-a/139738.txt,89,2849,54,2760
train/set-a/139739.txt,55,2840,70,2785
train/set-a/139743.txt,8,2843,78,2835
train/set-a/139752.txt,29,2847,81,2818
train/set-a/139758.txt,11,2861,58,2850
train/set-a/139763.txt,114,2874,52,2760
train/set-a/139764.txt,9,2849,75,2840
train/set-a/139767.txt,28,2848,69,2820
train/set-a/139771.txt,252,2862,51,2610
train/set-a/139773.txt,10,2869,116,2859
train/set-a/139774.txt,3,2871,75,2868
train/set-a/139776.txt,11,2854,88,2843
train/set-a/139777.txt,19,2879,83,2860
train/set-a/139780.txt,105,1774,4,1669
train/set-a/139781.txt,113,2873,49,2760
train/set-a/139791.txt,14,2834,58,2820
train/set-a/139794.txt,58,2878,66,2820
train/set-a/139796.txt,83,2843,52,2760
train/set-a/139798.txt,29,2849,64,2820
train/set-a/139799.txt,5,2870,55,2865
train/set-a/139802.txt,49,2839,55,2790
train/set-a/139803.txt,33,2851,52,2818
train/set-a/139804.txt,56,2846,69,2790
train/set-a/139805.txt,89,2872,79,2783
train/set-a/139812.txt,100,2830,44,2730
train/set-a/139820.txt,7,2847,97,2840
train/set-a/139822.txt,80,2840,44,2760
train/set-a/139823.txt,10,2815,70,2805
train/set-a/139824.txt,5,2855,57,2850
train/set-a/139829.txt,278,2858,126,2580
train/set-a/139830.txt,28,2855,62,2827
train/set-a/139838.txt,68,2828,62,2760
train/set-a/139839.txt,45,2835,92,2790
train/set-a/139841.txt,73,2854,52,2781
train/set-a/139842.txt,40,2878,81,2838
train/set-a/139844.txt,14,2834,83,2820
train/set-a/139847.txt,113,2873,56,2760
train/set-a/139848.txt,0,2835,92,2835
train/set-a/139853.txt,90,2850,69,2760
train/set-a/139859.txt,40,2845,94,2805
train/set-a/139865.txt,28,2848,67,2820
train/set-a/139867.txt,12,2860,78,2848
train/set-a/139869.txt,22,2122,43,2100
train/set-a/139875.txt,11,2830,63,2819
train/set-a/139876.txt,1,2821,74,2820
train/set-a/139877.txt,5,2835,78,2830
train/set-a/139880.txt,6,2755,43,2749
train/set-a/139881.txt,129,2866,96,2737
train/set-a/139882.txt,30,2843,89,2813
train/set-a/139886.txt,5,2867,92,2862
train/set-a/139891.txt,58,2860,85,2802
train/set-a/139895.txt,30,2872,90,2842
train/set-a/139899.txt,26,2861,65,2835
train/set-a/139903.txt,6,2826,65,2820
train/set-a/139905.txt,13,2848,93,2835
train/set-a/139907.txt,13,2878,91,2865
train/set-a/139914.txt,7,2867,66,2860
train/set-a/139915.txt,3,2838,101,2835
train/set-a/139917.txt,17,2828,93,2811
train/set-a/139919.txt,73,2825,69,2752
train/set-a/139926.txt,14,2699,54,2685
train/set-a/139928.txt,21,2856,108,2835
train/set-a/139934.txt,2,1597,49,1595
train/set-a/139938.txt,29,2794,68,2765
train/set-a/139939.txt,29,2864,75,2835
train/set-a/139942.txt,76,2742,46,2666
train/set-a/139948.txt,66,2871,49,2805
train/set-a/139955.txt,0,2840,91,2840
train/set-a/139960.txt,122,2822,52,2700
train/set-a/139962.txt,38,2813,46,2775
train/set-a/139966.txt,6,2826,57,2820
train/set-a/139969.txt,55,2865,111,2810
train/set-a/139973.txt,105,2850,86,2745
train/set-a/139974.txt,12,2866,73,2854
train/set-a/139975.txt,54,2869,70,2815
train/set-a/139981.txt,34,2854,37,2820
train/set-a/139983.txt,80,2840,48,2760
train/set-a/139987.txt,19,2865,106,2846
train/set-a/139994.txt,73,2863,58,2790
train/set-a/140001.txt,2,2822,118,2820
train/set-a/140003.txt,11,2846,52,2835
train/set-a/140009.txt,18,2844,48,2826
train/set-a/140012.txt,51,2870,68,2819
train/set-a/140016.txt,150,2860,103,2710
train/set-a/140022.txt,6,2836,71,2830
train/set-a/140024.txt,161,2861,43,2700
train/set-a/140025.txt,2,2842,57,2840
train/set-a/140029.txt,27,2787,56,2760
train/set-a/140030.txt,17,2786,56,2769
train/set-a/140033.txt,29,2766,75,2737
train/set-a/140034.txt,48,2808,62,2760
train/set-a/140035.txt,12,2859,73,2847
train/set-a/140037.txt,22,2842,64,2820
train/set-a/140038.txt,42,2880,87,2838
train/set-a/140041.txt,1,2831,67,2830
train/set-a/140048.txt,74,2871,56,2797
train/set-a/140049.txt,52,2878,84,2826
train/set-a/140050.txt,3,2863,59,2860
train/set-a/140063.txt,499,2779,41,2280
train/set-a/140070.txt,29,2819,94,2790
train/set-a/140071.txt,48,2823,55,2775
train/set-a/140072.txt,3,2828,72,2825
train/set-a/140073.txt,25,2875,47,2850
train/set-a/140074.txt,63,2583,43,2520
train/set-a/140080.txt,6,2841,72,2835
train/set-a/140085.txt,24,2873,53,2849
train/set-a/140088.txt,100,2840,97,2740
train/set-a/140095.txt,5,2825,62,2820
train/set-a/140097.txt,49,2862,103,2813
train/set-a/140100.txt,9,2880,97,2871
train/set-a/140101.txt,4,2824,59,2820
train/set-a/140102.txt,178,2824,53,2646
train/set-a/140104.txt,10,2845,90,2835
train/set-a/140106.txt,87,2824,103,2737
train/set-a/140107.txt,8,2858,71,2850
train/set-a/140112.txt,25,2845,71,2820
train/set-a/140115.txt,64,2824,64,2760
train/set-a/140116.txt,15,2880,75,2865
train/set-a/140117.txt,183,2058,3,1875
train/set-a/140118.txt,11,2861,82,2850
train/set-a/140124.txt,1,2855,56,2854
train/set-a/140133.txt,83,2843,79,2760
train/set-a/140139.txt,2,2838,74,2836
train/set-a/140142.txt,9,2829,59,2820
train/set-a/140149.txt,12,2872,101,2860
train/set-a/140152.txt,30,2850,108,2820
train/set-a/140155.txt,30,2773,63,2743
train/set-a/140156.txt,41,2878,57,2837
train/set-a/140161.txt,30,2850,91,2820
train/set-a/140165.txt,21,2873,73,2852
train/set-a/140166.txt,19,2876,96,2857
train/set-a/140170.txt,37,2852,92,2815
train/set-a/140171.txt,90,2835,87,2745
train/set-a/140175.txt,126,2826,50,2700
train/set-a/140183.txt,38,2874,82,2836
train/set-a/140185.txt,7,2838,67,2831
train/set-a/140192.txt,51,2841,68,2790
train/set-a/140193.txt,28,2848,54,2820
train/set-a/140194.txt,22,2872,84,2850
train/set-a/140196.txt,215,2863,55,2648
train/set-a/140197.txt,30,2854,43,2824
train/set-a/140204.txt,64,2764,56,2700
train/set-a/140207.txt,19,2879,61,2860
train/set-a/140208.txt,145,2873,131,2728
train/set-a/140210.txt,51,2871,47,2820
train/set-a/140214.txt,170,2870,52,2700
train/set-a/140219.txt,96,2616,63,2520
train/set-a/140220.txt,3,2863,71,2860
train/set-a/140230.txt,30,2872,124,2842
train/set-a/140235.txt,55,2785,58,2730
train/set-a/140243.txt,2,2856,116,2854
train/set-a/140247.txt,8,2828,53,2820
train/set-a/140248.txt,105,2765,69,2660
train/set-a/140249.txt,7,2857,93,2850
train/set-a/140251.txt,77,2867,56,2790
train/set-a/140253.txt,46,2870,95,2824
train/set-a/140254.txt,11,2846,80,2835
train/set-a/140255.txt,69,2829,55,2760
train/set-a/140261.txt,12,2832,51,2820
train/set-a/140262.txt,2,2862,66,2860
train/set-a/140263.txt,84,2874,51,2790
train/set-a/140265.txt,638,2735,4,2097
train/set-a/140270.txt,105,2861,91,2756
train/set-a/140271.txt,0,2770,93,2770
train/set-a/140276.txt,81,2841,62,2760
train/set-a/140278.txt,3,2853,51,2850
train/set-a/140279.txt,48,2850,101,2802
train/set-a/140281.txt,31,2851,76,2820
train/set-a/140285.txt,55,2875,61,2820
train/set-a/140287.txt,31,2851,87,2820
train/set-a/140289.txt,62,2822,75,2760
train/set-a/140292.txt,5,2855,101,2850
train/set-a/140294.txt,0,2856,90,2856
train/set-a/140302.txt,14,2834,54,2820
train/set-a/140304.txt,88,2833,61,2745
train/set-a/140305.txt,24,2844,65,2820
train/set-a/140306.txt,58,2878,55,2820
train/set-a/140307.txt,106,2866,78,2760
train/set-a/140310.txt,71,2855,75,2784
train/set-a/140311.txt,132,2832,51,2700
train/set-a/140320.txt,114,2577,12,2463
train/set-a/140322.txt,240,2880,65,2640
train/set-a/140324.txt,62,2852,64,2790
train/set-a/140329.txt,32,2856,72,2824
train/set-a/140331.txt,9,2844,74,2835
train/set-a/140332.txt,211,2876,26,2665
train/set-a/140333.txt,55,2875,89,2820
train/set-a/140334.txt,227,2867,54,2640
train/set-a/140335.txt,33,2852,89,2819
train/set-a/140339.txt,49,2869,63,2820
train/set-a/140340.txt,25,2470,26,2445
train/set-a/140341.txt,68,2880,111,2812
train/set-a/140343.txt,8,2828,50,2820
train/set-a/140344.txt,15,2635,61,2620
train/set-a/140351.txt,75,2864,139,2789
train/set-a/140354.txt,7,2872,59,2865
train/set-a/140355.txt,22,2839,85,2817
train/set-a/140358.txt,127,2847,73,2720
train/set-a/140364.txt,13,2873,67,2860
train/set-a/140365.txt,2,2878,99,2876
train/set-a/140366.txt,6,2826,77,2820
train/set-a/140369.txt,9,2844,59,2835
train/set-a/140375.txt,26,2846,85,2820
train/set-a/140376.txt,14,2834,52,2820
train/set-a/140377.txt,165,2805,50,2640
train/set-a/140379.txt,15,2835,99,2820
train/set-a/140380.txt,66,2826,49,2760
train/set-a/140382.txt,20,2860,56,2840
train/set-a/140385.txt,0,2850,74,2850
train/set-a/140386.txt,44,2864,64,2820
train/set-a/140406.txt,117,2877,86,2760
train/set-a/140413.txt,6,2829,73,2823
train/set-a/140414.txt,15,2835,85,2820
train/set-a/140419.txt,57,2877,60,2820
train/set-a/140425.txt,36,2846,70,2810
train/set-a/140430.txt,309,2879,37,2570
train/set-a/140433.txt,6,2866,99,2860
train/set-a/140437.txt,106,2854,47,2748
train/set-a/140439.txt,179,2786,84,2607
train/set-a/140440.txt,8,2873,62,2865
train/set-a/140441.txt,0,2868,89,2868
train/set-a/140444.txt,23,2878,110,2855
train/set-a/140446.txt,10,2877,78,2867
train/set-a/140447.txt,139,2854,90,2715
train/set-a/140449.txt,13,2863,56,2850
train/set-a/140451.txt,41,2843,57,2802
train/set-a/140452.txt,7,2834,55,2827
train/set-a/140460.txt,39,2844,71,2805
train/set-a/140462.txt,12,2787,70,2775
train/set-a/140465.txt,23,2873,82,2850
train/set-a/140472.txt,107,2867,51,2760
train/set-a/140479.txt,75,2865,77,2790
train/set-a/140480.txt,43,2848,89,2805
train/set-a/140484.txt,243,2850,70,2607
train/set-a/140485.txt,15,2826,87,2811
train/set-a/140499.txt,23,2872,97,2849
train/set-a/140505.txt,23,2833,94,2810
train/set-a/140510.txt,26,2859,75,2833
train/set-a/140511.txt,89,2879,52,2790
train/set-a/140512.txt,29,2867,96,2838
train/set-a/140519.txt,44,2879,96,2835
train/set-a/140524.txt,8,2828,63,2820
train/set-a/140525.txt,0,2865,101,2865
train/set-a/140535.txt,20,2840,94,2820
train/set-a/140536.txt,85,2845,68,2760
train/set-a/140547.txt,112,2872,53,2760
train/set-a/140560.txt,21,2821,91,2800
train/set-a/140568.txt,156,2871,52,2715
train/set-a/140573.txt,117,2879,80,2762
train/set-a/140574.txt,20,2810,59,2790
train/set-a/140582.txt,18,2824,90,2806
train/set-a/140585.txt,50,2870,59,2820
train/set-a/140587.txt,9,2880,113,2871
train/set-a/140589.txt,25,2845,62,2820
train/set-a/140590.txt,1,2857,78,2856
train/set-a/140593.txt,32,2852,54,2820
train/set-a/140595.txt,100,2875,85,2775
train/set-a/140599.txt,3,2853,67,2850
train/set-a/140600.txt,35,2842,69,2807
train/set-a/140602.txt,4,2868,88,2864
train/set-a/140604.txt,122,2870,96,2748
train/set-a/140605.txt,162,2832,68,2670
train/set-a/140610.txt,39,2851,103,2812
train/set-a/140620.txt,2,2356,57,2354
train/set-a/140628.txt,125,2825,40,2700
train/set-a/140641.txt,24,2862,85,2838
train/set-a/140642.txt,91,2851,71,2760
train/set-a/140645.txt,29,2873,75,2844
train/set-a/140646.txt,43,2863,60,2820
train/set-a/140649.txt,29,2729,49,2700
train/set-a/140653.txt,11,2839,103,2828
train/set-a/140654.txt,2,2852,64,2850
train/set-a/140657.txt,4,2824,60,2820
train/set-a/140662.txt,144,2844,57,2700
train/set-a/140665.txt,83,2873,94,2790
train/set-a/140666.txt,110,2850,116,2740
train/set-a/140670.txt,7,2827,80,2820
train/set-a/140674.txt,109,2829,78,2720
train/set-a/140675.txt,61,2841,59,2780
train/set-a/140677.txt,24,2863,152,2839
train/set-a/140678.txt,52,2872,105,2820
train/set-a/140687.txt,28,2825,81,2797
train/set-a/140690.txt,10,2830,90,2820
train/set-a/140692.txt,101,2861,50,2760
train/set-a/140695.txt,4,2824,58,2820
train/set-a/140700.txt,107,2856,70,2749
train/set-a/140702.txt,56,2876,56,2820
train/set-a/140703.txt,8,2858,85,2850
train/set-a/140706.txt,57,2877,71,2820
train/set-a/140707.txt,9,2874,57,2865
train/set-a/140710.txt,9,2825,68,2816
train/set-a/140711.txt,6,2826,59,2820
train/set-a/140712.txt,0,2850,78,2850
train/set-a/140721.txt,20,2864,121,2844
train/set-a/140730.txt,4,2855,99,2851
train/set-a/140733.txt,4,2854,60,2850
train/set-a/140740.txt,141,2766,32,2625
train/set-a/140743.txt,29,2879,74,2850
train/set-a/140747.txt,18,2847,100,2829
train/set-a/140748.txt,22,2874,135,2852
train/set-a/140751.txt,18,2838,80,2820
train/set-a/140752.txt,123,2853,62,2730
train/set-a/140757.txt,38,2877,100,2839
train/set-a/140759.txt,24,2873,72,2849
train/set-a/140761.txt,1,2851,75,2850
train/set-a/140762.txt,0,2856,58,2856
train/set-a/140763.txt,120,2820,56,2700
train/set-a/140765.txt,78,2873,135,2795
train/set-a/140766.txt,14,2879,68,2865
train/set-a/140768.txt,32,2857,124,2825
train/set-a/140770.txt,47,2841,140,2794
train/set-a/140774.txt,27,2847,53,2820
train/set-a/140779.txt,19,2825,64,2806
train/set-a/140780.txt,43,2873,70,2830
train/set-a/140781.txt,46,2866,87,2820
train/set-a/140794.txt,0,2853,118,2853
train/set-a/140795.txt,22,2857,67,2835
train/set-a/140796.txt,5,2875,92,2870
train/set-a/140798.txt,8,2832,64,2824
train/set-a/140799.txt,63,2853,115,2790
train/set-a/140801.txt,96,2826,68,2730
train/set-a/140803.txt,31,2858,79,2827
train/set-a/140807.txt,5,2765,54,2760
train/set-a/140813.txt,32,2837,84,2805
train/set-a/140817.txt,50,2860,73,2810
train/set-a/140821.txt,7,2827,79,2820
train/set-a/140824.txt,61,2821,56,2760
train/set-a/140826.txt,103,2880,71,2777
train/set-a/140827.txt,10,2860,39,2850
train/set-a/140830.txt,154,2854,49,2700
train/set-a/140834.txt,19,2869,63,2850
train/set-a/140848.txt,93,2823,50,2730
train/set-a/140851.txt,1,2866,81,2865
train/set-a/140852.txt,9,2857,108,2848
train/set-a/140853.txt,95,2840,71,2745
train/set-a/140858.txt,0,2880,91,2880
train/set-a/140859.txt,6,2856,61,2850
train/set-a/140861.txt,36,2856,59,2820
train/set-a/140863.txt,37,2857,63,2820
train/set-a/140866.txt,8,2874,72,2866
train/set-a/140867.txt,217,2877,63,2660
train/set-a/140870.txt,11,2879,109,2868
train/set-a/140871.txt,11,2876,81,2865
train/set-a/140872.txt,12,2821,50,2809
train/set-a/140873.txt,6,2877,67,2871
train/set-a/140874.txt,0,2839,79,2839
train/set-a/140879.txt,77,2717,71,2640
train/set-a/140880.txt,3,2823,76,2820
train/set-a/140884.txt,92,2852,82,2760
train/set-a/140885.txt,51,2826,70,2775
train/set-a/140888.txt,48,2868,55,2820
train/set-a/140889.txt,47,2822,57,2775
train/set-a/140890.txt,3,2823,53,2820
train/set-a/140898.txt,39,2829,80,2790
train/set-a/140901.txt,144,2849,54,2705
train/set-a/140904.txt,60,2880,83,2820
train/set-a/140908.txt,6,2871,53,2865
train/set-a/140915.txt,35,2850,41,2815
train/set-a/140923.txt,14,2874,68,2860
train/set-a/140940.txt,18,2838,83,2820
train/set-a/140942.txt,15,2860,82,2845
train/set-a/140950.txt,1,2851,79,2850
train/set-a/140957.txt,22,2842,51,2820
train/set-a/140958.txt,9,2859,70,2850
train/set-a/140963.txt,90,2850,78,2760
train/set-a/140964.txt,66,2691,41,2625
train/set-a/140966.txt,14,2864,52,2850
train/set-a/140971.txt,7,2875,47,2868
train/set-a/140972.txt,2,2857,75,2855
train/set-a/140980.txt,21,2841,78,2820
train/set-a/140981.txt,12,2832,60,2820
train/set-a/140982.txt,39,2874,58,2835
train/set-a/140983.txt,22,2842,53,2820
train/set-a/140988.txt,23,2873,99,2850
train/set-a/140992.txt,11,2861,51,2850
train/set-a/140997.txt,10,2879,72,2869
train/set-a/140998.txt,12,2832,90,2820
train/set-a/140999.txt,2,2865,77,2863
train/set-a/141000.txt,94,2869,72,2775
train/set-a/141003.txt,55,2875,65,2820
train/set-a/141004.txt,21,2841,90,2820
train/set-a/141007.txt,27,2877,66,2850
train/set-a/141015.txt,34,2879,63,2845
train/set-a/141016.txt,1,2836,63,2835
train/set-a/141022.txt,42,2849,69,2807
train/set-a/141023.txt,15,2850,92,2835
train/set-a/141026.txt,10,2861,60,2851
train/set-a/141032.txt,2,2867,87,2865
train/set-a/141035.txt,63,2828,70,2765
train/set-a/141041.txt,8,2870,62,2862
train/set-a/141043.txt,8,2843,57,2835
train/set-a/141051.txt,9,2879,86,2870
train/set-a/141052.txt,6,2826,64,2820
train/set-a/141058.txt,8,2858,54,2850
train/set-a/141060.txt,36,2831,68,2795
train/set-a/141065.txt,11,2821,82,2810
train/set-a/141068.txt,69,2859,61,2790
train/set-a/141069.txt,115,535,7,420
train/set-a/141073.txt,12,2877,63,2865
train/set-a/141076.txt,18,2868,78,2850
train/set-a/141086.txt,1,2871,65,2870
train/set-a/141090.txt,2,2873,102,2871
train/set-a/141094.txt,10,2845,65,2835
train/set-a/141097.txt,11,2861,120,2850
train/set-a/141099.txt,60,2880,75,2820
train/set-a/141101.txt,3,2873,64,2870
train/set-a/141111.txt,2,2822,56,2820
train/set-a/141113.txt,0,2873,130,2873
train/set-a/141114.txt,34,2872,63,2838
train/set-a/141115.txt,31,2855,99,2824
train/set-a/141116.txt,1,2836,68,2835
train/set-a/141118.txt,25,2865,82,2840
train/set-a/141119.txt,10,2860,64,2850
train/set-a/141120.txt,35,2855,47,2820
train/set-a/141124.txt,97,2857,64,2760
train/set-a/141127.txt,36,2856,60,2820
train/set-a/141131.txt,0,2870,95,2870
train/set-a/141136.txt,2,2816,97,2814
train/set-a/141137.txt,44,2878,115,2834
train/set-a/141140.txt,123,2823,61,2700
train/set-a/141141.txt,6,2877,102,2871
train/set-a/141142.txt,1,2867,87,2866
train/set-a/141152.txt,1,2671,58,2670
train/set-a/141153.txt,89,2834,70,2745
train/set-a/141155.txt,47,2875,134,2828
train/set-a/141157.txt,94,2854,69,2760
train/set-a/141163.txt,35,2824,96,2789
train/set-a/141168.txt,26,2876,58,2850
train/set-a/141171.txt,101,2861,74,2760
train/set-a/141173.txt,164,2879,58,2715
train/set-a/141174.txt,37,2557,50,2520
train/set-a/141177.txt,39,2829,70,2790
train/set-a/141179.txt,2,2832,93,2830
train/set-a/141183.txt,11,2832,92,2821
train/set-a/141184.txt,2,2852,63,2850
train/set-a/141185.txt,29,2849,53,2820
train/set-a/141189.txt,36,2826,63,2790
train/set-a/141195.txt,267,2832,45,2565
train/set-a/141200.txt,17,2867,78,2850
train/set-a/141205.txt,57,2877,59,2820
train/set-a/141206.txt,68,2844,72,2776
train/set-a/141207.txt,64,2864,63,2800
train/set-a/141213.txt,98,2873,62,2775
train/set-a/141214.txt,14,2859,120,2845
train/set-a/141216.txt,73,2872,82,2799
train/set-a/141221.txt,12,2832,62,2820
train/set-a/141226.txt,25,2875,60,2850
train/set-a/141230.txt,39,2829,39,2790
train/set-a/141231.txt,30,2878,93,2848
train/set-a/141232.txt,21,2841,73,2820
train/set-a/141244.txt,48,2853,81,2805
train/set-a/141245.txt,6,2856,55,2850
train/set-a/141246.txt,16,2866,64,2850
train/set-a/141247.txt,31,2851,71,2820
train/set-a/141255.txt,15,2835,126,2820
train/set-a/141256.txt,4,2854,96,2850
train/set-a/141266.txt,2,2837,66,2835
train/set-a/141268.txt,9,2821,95,2812
train/set-a/141274.txt,13,2864,53,2851
train/set-a/141275.txt,239,2869,37,2630
train/set-a/141283.txt,31,2865,78,2834
train/set-a/141289.txt,114,2859,57,2745
train/set-a/141295.txt,172,2842,52,2670
train/set-a/141297.txt,1,2821,71,2820
train/set-a/141299.txt,16,2866,83,2850
train/set-a/141300.txt,134,2871,88,2737
train/set-a/141301.txt,27,2817,73,2790
train/set-a/141302.txt,48,2838,100,2790
train/set-a/141306.txt,101,2861,48,2760
train/set-a/141317.txt,34,2874,79,2840
train/set-a/141326.txt,29,2857,91,2828
train/set-a/141327.txt,10,2824,71,2814
train/set-a/141330.txt,13,2863,75,2850
train/set-a/141342.txt,42,2862,67,2820
train/set-a/141353.txt,81,2864,91,2783
train/set-a/141354.txt,25,2860,76,2835
train/set-a/141355.txt,327,2877,73,2550
train/set-a/141359.txt,28,2853,87,2825
train/set-a/141360.txt,47,2837,82,2790
train/set-a/141361.txt,69,2829,64,2760
train/set-a/141363.txt,45,2848,105,2803
train/set-a/141364.txt,25,2879,74,2854
train/set-a/141368.txt,11,2872,115,2861
train/set-a/141373.txt,39,2859,69,2820
train/set-a/141377.txt,13,2834,54,2821
train/set-a/141381.txt,291,2871,108,2580
train/set-a/141386.txt,10,2875,82,2865
train/set-a/141387.txt,15,2865,50,2850
train/set-a/141392.txt,79,2869,124,2790
train/set-a/141393.txt,13,2773,56,2760
train/set-a/141395.txt,14,2849,65,2835
train/set-a/141396.txt,2,2846,98,2844
train/set-a/141404.txt,177,2832,38,2655
train/set-a/141406.txt,102,2772,66,2670
train/set-a/141408.txt,8,2855,67,2847
train/set-a/141412.txt,3,2833,84,2830
train/set-a/141413.txt,21,2837,72,2816
train/set-a/141416.txt,16,2821,78,2805
train/set-a/141420.txt,54,2874,90,2820
train/set-a/141422.txt,2,2870,96,2868
train/set-a/141428.txt,1,2866,65,2865
train/set-a/141430.txt,28,2848,61,2820
train/set-a/141431.txt,7,2827,76,2820
train/set-a/141434.txt,2,2762,64,2760
train/set-a/141441.txt,136,2861,66,2725
train/set-a/141444.txt,20,2874,99,2854
train/set-a/141446.txt,26,2876,71,2850
train/set-a/141447.txt,54,2874,62,2820
train/set-a/141449.txt,76,2836,130,2760
train/set-a/141454.txt,19,2848,96,2829
train/set-a/141457.txt,26,2771,59,2745
train/set-a/141460.txt,17,2862,79,2845
train/set-a/141461.txt,95,2855,67,2760
train/set-a/141473.txt,29,2857,79,2828
train/set-a/141477.txt,42,2862,64,2820
train/set-a/141479.txt,77,2857,82,2780
train/set-a/141482.txt,3,2826,74,2823
train/set-a/141486.txt,54,2874,64,2820
train/set-a/141487.txt,54,2829,116,2775
train/set-a/141490.txt,28,2848,61,2820
train/set-a/141492.txt,3,2823,49,2820
train/set-a/141493.txt,17,2852,60,2835
train/set-a/141496.txt,100,2875,57,2775
train/set-a/141497.txt,20,2270,26,2250
train/set-a/141503.txt,14,2879,52,2865
train/set-a/141507.txt,8,2843,70,2835
train/set-a/141510.txt,353,2832,9,2479
train/set-a/141511.txt,17,2848,55,2831
train/set-a/141512.txt,407,1792,3,1385
train/set-a/141513.txt,41,2876,64,2835
train/set-a/141516.txt,36,2867,112,2831
train/set-a/141519.txt,1,2851,56,2850
train/set-a/141523.txt,27,2862,53,2835
train/set-a/141524.txt,93,2838,90,2745
train/set-a/141529.txt,35,2848,113,2813
train/set-a/141530.txt,30,2835,102,2805
train/set-a/141532.txt,22,2879,57,2857
train/set-a/141543.txt,8,2873,62,2865
train/set-a/141544.txt,8,2821,78,2813
train/set-a/141547.txt,62,2822,99,2760
train/set-a/141548.txt,1,2851,80,2850
train/set-a/141549.txt,40,2845,71,2805
train/set-a/141550.txt,16,2841,137,2825
train/set-a/141551.txt,34,2854,54,2820
train/set-a/141554.txt,6,2826,59,2820
train/set-a/141555.txt,36,2871,50,2835
train/set-a/141556.txt,17,2823,87,2806
train/set-a/141559.txt,3,2868,87,2865
train/set-a/141560.txt,29,2879,72,2850
train/set-a/141561.txt,51,2751,53,2700
train/set-a/141565.txt,32,2822,64,2790
train/set-a/141566.txt,36,2827,108,2791
train/set-a/141569.txt,20,2862,72,2842
train/set-a/141571.txt,1,2856,73,2855
train/set-a/141574.txt,24,2858,76,2834
train/set-a/141577.txt,53,2843,99,2790
train/set-a/141578.txt,335,2390,5,2055
train/set-a/141579.txt,36,2861,107,2825
train/set-a/141583.txt,57,2877,49,2820
train/set-a/141587.txt,43,2878,72,2835
train/set-a/141590.txt,10,2875,117,2865
train/set-a/141592.txt,50,2831,82,2781
train/set-a/141595.txt,13,2848,79,2835
train/set-a/141601.txt,4,2870,117,2866
train/set-a/141603.txt,22,2842,67,2820
train/set-a/141606.txt,19,2834,73,2815
train/set-a/141607.txt,3,2853,44,2850
train/set-a/141608.txt,48,2868,60,2820
train/set-a/141610.txt,15,2462,51,2447
train/set-a/141615.txt,4,2868,59,2864
train/set-a/141616.txt,23,2858,44,2835
train/set-a/141617.txt,0,2850,51,2850
train/set-a/141619.txt,192,2787,62,2595
train/set-a/141620.txt,135,2865,77,2730
train/set-a/141624.txt,33,2853,57,2820
train/set-a/141629.txt,50,2840,51,2790
train/set-a/141638.txt,97,2857,72,2760
train/set-a/141640.txt,22,2854,73,2832
train/set-a/141641.txt,28,2848,92,2820
train/set-a/141642.txt,55,2863,76,2808
train/set-a/141643.txt,7,2865,77,2858
train/set-a/141647.txt,23,2847,89,2824
train/set-a/141653.txt,11,2831,68,2820
train/set-a/141655.txt,0,2865,53,2865
train/set-a/141658.txt,63,2823,66,2760
train/set-a/141659.txt,468,1955,3,1487
train/set-a/141662.txt,180,2880,54,2700
train/set-a/141666.txt,32,2874,89,2842
train/set-a/141667.txt,25,2880,110,2855
train/set-a/141669.txt,86,2756,44,2670
train/set-a/141672.txt,103,2878,56,2775
train/set-a/141675.txt,70,2860,60,2790
train/set-a/141680.txt,19,2814,90,2795
train/set-a/141682.txt,58,2878,95,2820
train/set-a/141683.txt,34,2870,88,2836
train/set-a/141688.txt,29,2849,52,2820
train/set-a/141699.txt,17,2834,92,2817
train/set-a/141704.txt,81,2781,50,2700
train/set-a/141715.txt,70,2503,13,2433
train/set-a/141727.txt,22,2852,73,2830
train/set-a/141729.txt,96,2869,102,2773
train/set-a/141733.txt,29,2844,82,2815
train/set-a/141736.txt,27,2877,60,2850
train/set-a/141740.txt,82,2842,105,2760
train/set-a/141745.txt,10,2857,76,2847
train/set-a/141748.txt,10,2860,51,2850
train/set-a/141752.txt,20,2861,76,2841
train/set-a/141754.txt,35,2835,84,2800
train/set-a/141758.txt,5,2845,101,2840
train/set-a/141769.txt,25,2870,63,2845
train/set-a/141772.txt,40,340,11,300
train/set-a/141773.txt,37,2857,99,2820
train/set-a/141775.txt,93,2868,51,2775
train/set-a/141778.txt,34,2866,69,2832
train/set-a/141779.txt,40,2860,57,2820
train/set-a/141782.txt,25,2849,80,2824
train/set-a/141784.txt,82,2857,69,2775
train/set-a/141786.txt,10,2851,78,2841
train/set-a/141787.txt,0,2870,66,2870
train/set-a/141789.txt,4,2863,76,2859
train/set-a/141790.txt,18,2841,51,2823
train/set-a/141793.txt,59,2824,67,2765
train/set-a/141795.txt,7,2872,76,2865
train/set-a/141799.txt,21,2841,54,2820
train/set-a/141800.txt,56,2876,54,2820
train/set-a/141807.txt,11,2811,55,2800
train/set-a/141808.txt,0,2860,108,2860
train/set-a/141810.txt,1,2872,58,2871
train/set-a/141812.txt,16,2866,59,2850
train/set-a/141817.txt,3,2826,74,2823
train/set-a/141819.txt,57,2877,99,2820
train/set-a/141821.txt,34,2854,91,2820
train/set-a/141822.txt,129,2829,55,2700
train/set-a/141825.txt,7,2827,57,2820
train/set-a/141826.txt,20,2875,75,2855
train/set-a/141828.txt,89,2879,72,2790
train/set-a/141832.txt,144,2844,55,2700
train/set-a/141834.txt,27,2827,54,2800
train/set-a/141838.txt,4,2839,67,2835
train/set-a/141840.txt,101,2861,54,2760
train/set-a/141843.txt,54,2874,59,2820
train/set-a/141844.txt,17,2837,92,2820
train/set-a/141850.txt,0,2838,95,2838
train/set-a/141855.txt,18,2838,75,2820
train/set-a/141857.txt,14,2880,144,2866
train/set-a/141866.txt,59,2879,66,2820
train/set-a/141868.txt,132,2862,63,2730
train/set-a/141869.txt,72,2847,97,2775
train/set-a/141872.txt,11,2831,36,2820
train/set-a/141873.txt,186,2766,44,2580
train/set-a/141875.txt,15,2865,54,2850
train/set-a/141877.txt,139,2869,94,2730
train/set-a/141880.txt,21,2866,74,2845
train/set-a/141881.txt,53,2215,24,2162
train/set-a/141882.txt,35,2879,108,2844
train/set-a/141885.txt,17,2878,77,2861
train/set-a/141886.txt,24,2874,71,2850
train/set-a/141889.txt,40,2815,81,2775
train/set-a/141891.txt,30,2850,88,2820
train/set-a/141898.txt,1,2866,53,2865
train/set-a/141901.txt,26,2878,97,2852
train/set-a/141907.txt,44,2849,101,2805
train/set-a/141908.txt,48,2868,80,2820
train/set-a/141909.txt,15,2835,52,2820
train/set-a/141915.txt,98,2843,61,2745
train/set-a/141916.txt,14,2862,74,2848
train/set-a/141921.txt,12,2832,81,2820
train/set-a/141924.txt,107,2837,50,2730
train/set-a/141927.txt,167,2867,77,2700
train/set-a/141936.txt,97,2857,59,2760
train/set-a/141938.txt,83,2873,53,2790
train/set-a/141944.txt,342,2862,52,2520
train/set-a/141945.txt,5,2865,59,2860
train/set-a/141947.txt,2,2875,82,2873
train/set-a/141950.txt,49,2825,72,2776
train/set-a/141955.txt,28,2878,89,2850
train/set-a/141959.txt,126,2736,52,2610
train/set-a/141963.txt,0,2835,56,2835
train/set-a/141965.txt,14,2864,91,2850
train/set-a/141967.txt,8,2828,62,2820
train/set-a/141969.txt,49,2869,56,2820
train/set-a/141976.txt,31,2866,94,2835
train/set-a/141980.txt,61,2872,74,2811
train/set-a/141981.txt,25,2875,62,2850
train/set-a/141983.txt,38,2878,116,2840
train/set-a/141985.txt,11,2846,49,2835
train/set-a/141986.txt,114,2857,61,2743
train/set-a/141991.txt,2,2822,50,2820
train/set-a/141994.txt,4,2812,32,2808
train/set-a/141999.txt,61,2821,48,2760
train/set-a/142000.txt,4,2869,71,2865
train/set-a/142004.txt,26,2871,81,2845
train/set-a/142005.txt,105,2865,62,2760
train/set-a/142008.txt,99,2859,57,2760
train/set-a/142009.txt,3,2874,77,2871
train/set-a/142010.txt,141,2856,55,2715
train/set-a/142011.txt,43,2623,47,2580
train/set-a/142021.txt,1,2876,101,2875
train/set-a/142022.txt,100,2877,76,2777
train/set-a/142026.txt,71,2852,81,2781
train/set-a/142029.txt,20,2870,59,2850
train/set-a/142031.txt,44,2874,59,2830
train/set-a/142035.txt,6,2826,94,2820
train/set-a/142037.txt,56,2859,52,2803
train/set-a/142043.txt,167,2837,40,2670
train/set-a/142051.txt,73,2833,73,2760
train/set-a/142052.txt,7,2842,69,2835
train/set-a/142056.txt,29,2828,92,2799
train/set-a/142061.txt,951,2546,2,1595
train/set-a/142069.txt,61,2821,63,2760
train/set-a/142070.txt,62,2855,105,2793
train/set-a/142077.txt,58,2848,51,2790
train/set-a/142079.txt,22,2842,53,2820
train/set-a/142082.txt,42,2822,150,2780
train/set-a/142083.txt,5,2870,78,2865
train/set-a/142088.txt,22,2857,61,2835
train/set-a/142092.txt,123,2823,77,2700
train/set-a/142096.txt,20,2870,61,2850
train/set-a/142097.txt,318,2838,48,2520
train/set-a/142100.txt,4,2839,115,2835
train/set-a/142103.txt,61,2871,59,2810
train/set-a/142105.txt,30,2880,96,2850
train/set-a/142106.txt,66,2826,88,2760
train/set-a/142111.txt,5,2878,59,2873
train/set-a/142112.txt,88,2878,51,2790
train/set-a/142113.txt,36,2855,109,2819
train/set-a/142114.txt,9,2829,58,2820
train/set-a/142115.txt,14,2834,100,2820
train/set-a/142118.txt,70,2845,76,2775
train/set-a/142120.txt,17,2845,72,2828
train/set-a/142129.txt,18,2867,75,2849
train/set-a/142130.txt,203,2824,84,2621
train/set-a/142131.txt,35,2852,63,2817
train/set-a/142133.txt,12,2862,52,2850
train/set-a/142138.txt,50,2831,72,2781
train/set-a/142140.txt,44,2764,58,2720
train/set-a/142147.txt,54,2879,109,2825
train/set-a/142152.txt,36,2811,57,2775
train/set-a/142158.txt,46,2876,56,2830
train/set-a/142160.txt,57,2827,118,2770
train/set-a/142161.txt,95,2825,57,2730
train/set-a/142164.txt,5,2825,103,2820
train/set-a/142166.txt,106,2856,60,2750
train/set-a/142169.txt,64,2880,120,2816
train/set-a/142173.txt,31,2851,87,2820
train/set-a/142174.txt,197,2860,85,2663
train/set-a/142176.txt,154,2854,71,2700
train/set-a/142183.txt,9,2834,114,2825
train/set-a/142184.txt,75,2865,92,2790
train/set-a/142186.txt,142,2848,74,2706
train/set-a/142188.txt,72,2848,93,2776
train/set-a/142195.txt,57,2835,71,2778
train/set-a/142196.txt,168,2868,73,2700
train/set-a/142205.txt,99,2832,107,2733
train/set-a/142206.txt,7,2867,98,2860
train/set-a/142208.txt,90,2860,74,2770
train/set-a/142211.txt,20,2823,79,2803
train/set-a/142212.txt,95,2825,46,2730
train/set-a/142215.txt,20,2835,75,2815
train/set-a/142218.txt,26,2856,78,2830
train/set-a/142219.txt,44,2864,79,2820
train/set-a/142223.txt,92,2872,79,2780
train/set-a/142224.txt,4,2869,59,2865
train/set-a/142226.txt,78,2838,80,2760
train/set-a/142229.txt,172,2872,72,2700
train/set-a/142231.txt,20,2840,79,2820
train/set-a/142233.txt,852,2208,3,1356
train/set-a/142239.txt,27,2844,95,2817
train/set-a/142241.txt,57,2864,124,2807
train/set-a/142242.txt,1,2876,90,2875
train/set-a/142245.txt,107,1583,10,1476
train/set-a/142247.txt,39,2859,61,2820
train/set-a/142254.txt,94,2869,50,2775
train/set-a/142256.txt,34,2869,56,2835
train/set-a/142260.txt,134,2774,55,2640
train/set-a/142262.txt,31,2856,86,2825
train/set-a/142280.txt,34,2764,59,2730
train/set-a/142282.txt,4,2869,58,2865
train/set-a/142286.txt,48,2841,119,2793
train/set-a/142287.txt,10,2874,64,2864
train/set-a/142288.txt,64,2834,76,2770
train/set-a/142290.txt,14,2834,62,2820
train/set-a/142293.txt,42,2817,46,2775
train/set-a/142297.txt,63,2823,71,2760
train/set-a/142304.txt,65,2842,83,2777
train/set-a/142307.txt,54,2852,83,2798
train/set-a/142309.txt,173,2879,59,2706
train/set-a/142310.txt,120,2880,52,2760
train/set-a/142312.txt,3,2874,111,2871
train/set-a/142315.txt,49,2851,70,2802
train/set-a/142319.txt,319,2839,71,2520
train/set-a/142320.txt,11,2861,62,2850
train/set-a/142322.txt,54,2874,67,2820
train/set-a/142323.txt,150,2880,39,2730
train/set-a/142324.txt,242,2777,65,2535
train/set-a/142327.txt,63,2853,89,2790
train/set-a/142328.txt,0,2500,45,2500
train/set-a/142331.txt,8,2868,86,2860
train/set-a/142332.txt,67,2827,61,2760
train/set-a/142333.txt,15,2833,82,2818
train/set-a/142336.txt,58,2878,84,2820
train/set-a/142342.txt,108,2868,71,2760
train/set-a/142346.txt,48,2864,81,2816
train/set-a/142352.txt,31,2851,55,2820
train/set-a/142353.txt,0,2835,56,2835
train/set-a/142354.txt,4,2854,61,2850
train/set-a/142355.txt,12,2835,68,2823
train/set-a/142356.txt,2,2862,55,2860
train/set-a/142357.txt,63,2878,83,2815
train/set-a/142359.txt,47,2867,44,2820
train/set-a/142361.txt,73,2858,70,2785
train/set-a/142362.txt,84,2844,78,2760
train/set-a/142366.txt,62,2792,82,2730
train/set-a/142369.txt,65,2870,43,2805
train/set-a/142378.txt,23,2843,47,2820
train/set-a/142380.txt,5,2840,58,2835
train/set-a/142383.txt,5,2855,65,2850
train/set-a/142386.txt,9,2849,61,2840
train/set-a/142390.txt,34,2854,86,2820
train/set-a/142391.txt,29,2864,55,2835
train/set-a/142400.txt,32,2822,75,2790
train/set-a/142402.txt,23,2873,105,2850
train/set-a/142405.txt,97,2838,127,2741
train/set-a/142409.txt,5,2870,51,2865
train/set-a/142420.txt,33,2837,86,2804
train/set-a/142422.txt,66,2846,51,2780
train/set-a/142424.txt,1,2867,92,2866
train/set-a/142425.txt,5,2870,58,2865
train/set-a/142427.txt,16,2866,53,2850
train/set-a/142428.txt,80,2870,53,2790
train/set-a/142430.txt,10,2874,88,2864
train/set-a/142433.txt,10,2860,52,2850
train/set-a/142443.txt,63,2875,107,2812
train/set-a/142446.txt,1,2861,65,2860
train/set-a/142453.txt,36,2871,65,2835
train/set-a/142455.txt,8,2843,75,2835
train/set-a/142457.txt,9,2867,90,2858
train/set-a/142461.txt,43,2863,62,2820
train/set-a/142463.txt,16,2842,89,2826
train/set-a/142485.txt,59,2879,85,2820
train/set-a/142491.txt,33,2836,74,2803
train/set-a/142492.txt,64,2825,67,2761
train/set-a/142493.txt,28,2844,88,2816
train/set-a/142499.txt,18,2838,57,2820
train/set-a/142500.txt,8,2838,65,2830
train/set-a/142501.txt,17,2507,34,2490
train/set-a/142502.txt,4,2859,83,2855
train/set-a/142503.txt,130,2860,79,2730
train/set-a/142504.txt,3,2853,67,2850
train/set-a/142507.txt,9,2859,107,2850
train/set-a/142509.txt,30,2878,78,2848
train/set-a/142511.txt,24,2844,76,2820
train/set-a/142514.txt,13,2863,73,2850
train/set-a/142515.txt,14,2824,60,2810
train/set-a/142516.txt,52,2842,65,2790
train/set-a/142518.txt,69,2873,98,2804
train/set-a/142519.txt,69,2829,47,2760
train/set-a/142520.txt,44,2864,67,2820
train/set-a/142524.txt,28,2863,73,2835
train/set-a/142527.txt,124,2869,80,2745
train/set-a/142533.txt,3,2825,43,2822
train/set-a/142539.txt,5,2825,62,2820
train/set-a/142542.txt,55,2875,74,2820
train/set-a/142557.txt,15,2878,77,2863
train/set-a/142560.txt,7,2760,93,2753
train/set-a/142561.txt,4,2824,87,2820
train/set-a/142564.txt,28,2840,87,2812
train/set-a/142569.txt,67,2875,58,2808
train/set-a/142570.txt,8,2824,71,2816
train/set-a/142572.txt,171,2871,65,2700
train/set-a/142573.txt,4,2839,60,2835
train/set-a/142574.txt,5,2825,58,2820
train/set-a/142576.txt,119,2879,88,2760
train/set-a/142578.txt,113,2873,60,2760
train/set-a/142579.txt,47,2822,54,2775
train/set-a/142583.txt,47,2864,99,2817
train/set-a/142591.txt,20,2848,73,2828
train/set-a/142601.txt,12,2869,94,2857
train/set-a/142603.txt,1,2861,99,2860
train/set-a/142607.txt,4,2824,67,2820
train/set-a/142609.txt,24,2853,67,2829
train/set-a/142612.txt,35,2821,85,2786
train/set-a/142618.txt,28,2848,99,2820
train/set-a/142621.txt,47,2867,73,2820
train/set-a/142626.txt,59,2849,91,2790
train/set-a/142634.txt,46,2836,62,2790
train/set-a/142635.txt,13,2836,83,2823
train/set-a/142637.txt,46,2880,107,2834
train/set-a/142641.txt,17,2837,47,2820
train/set-a/142646.txt,43,2878,73,2835
train/set-a/142649.txt,0,2835,43,2835
train/set-a/142653.txt,51,2861,79,2810
train/set-a/142655.txt,15,2855,75,2840
train/set-a/142659.txt,8,2753,66,2745
train/set-a/142661.txt,70,2875,46,2805
train/set-a/142662.txt,183,2853,84,2670
train/set-a/142664.txt,3,2873,71,2870
train/set-a/142665.txt,8,2843,73,2835
train/set-a/142667.txt,100,2830,29,2730
train/set-a/142670.txt,20,2872,65,2852
train/set-a/142671.txt,22,2872,66,2850
train/set-a/142673.txt,39,2856,145,2817
